Workbook

Sheet General
A4: package type | B4: Volume
A5: Package 1 (Regular - rectangular shape) | B5: 0.06602
A6: Package 2 (Irregular - L-shaped) | B6: 0.058618
A7: Composite packages (Package 1 and 2) | B7: =SUM(packages_manual_measurements[Volume]) -> 0.124638
A12: Package_Type | B12: Manual_Volume (m³) | C12: Mean Estimated Volume (m³) | D12: RMSE (m) | E12: Percentage | F12: Standard deviation (m)
A13: Package 1 - (8 attempts) | B13: 0.06602 | C13: ='package 1 evolution'!C52/8 -> 0.061705625 | D13: =SQRT('package 1 evolution'!D52/8) -> 0.00524647 | E13: ='package 1 evolution'!G52/8 -> 0.068643972 | F13: =SQRT('package 1 evolution'!E52/8) -> 0.002985233
A14: Package 2 - (8 attempts) | B14: 0.058618 | C14: ='package 2 evolution'!C48/8 -> 0.056177375 | D14: =SQRT('package 2 evolution'!D48/8) -> 0.0038914226 | E14: ='package 2 evolution'!G48/8 -> 0.046617507 | F14: =SQRT('package 2 evolution'!E48/8) -> 0.0030309272
A15: Package 3 - (6 attempts) | B15: =SUM(packages_manual_measurements[Volume]) -> 0.124638 | C15: =Tabela_23[[#TOTALS],[Estimated Volume (m³)]]/6 -> 0.1305755 | D15: =SQRT(Tabela_23[[#TOTALS],[MSE (m)]]/6) -> 0.0066092003 | E15: =Tabela_23[[#TOTALS],[Absolute Error (%)]]/6 -> 0.04763796 | F15: =SQRT(Tabela_23[[#TOTALS],[Standard Deviation (m)]]/6) -> 0.0029030368
A16: Package 4 - (7 attempts) | B16: =SUM(packages_manual_measurements[Volume]) -> 0.124638 | C16: ='package 4 evolution'!C103/7 -> 0.12896457 | D16: =SQRT('package 4 evolution'!D103/7) -> 0.0049954045 | E16: ='package 4 evolution'!G103/7 -> 0.034713101 | F16: =SQRT('package 4 evolution'!E103/7) -> 0.0024969673
A17: Package 5 - (8 attempts) | B17: =SUM(packages_manual_measurements[Volume]) -> 0.124638 | C17: ='package 5 evolution'!C83/8 -> 0.12396025 | D17: =SQRT('package 5 evolution'!D83/8) -> 0.0029797426 | E17: ='package 5 evolution'!G83/8 -> 0.018375215 | F17: =SQRT('package 5 evolution'!E83/8) -> 0.0029016411
A18: Package 6 - (6 attempts) | B18: =SUM(packages_manual_measurements[Volume]) -> 0.124638 | C18: =Tabela_9[[#TOTALS],[Estimated Volume (m³)]]/6 -> 0.12827133 | D18: =SQRT(Tabela_9[[#TOTALS],[MSE (m)]]/6) -> 0.0047875721 | E18: =Tabela_9[[#TOTALS],[Absolute Error (%)]]/6 -> 0.032617126 | F18: =SQRT(Tabela_9[[#TOTALS],[Standard Deviation (m)]]/6) -> 0.0031176491
A19: Package 7 - (8 attempts) | B19: =SUM(packages_manual_measurements[Volume]) -> 0.124638 | C19: ='package 7 evolution'!C99/8 -> 0.12248425 | D19: =SQRT('package 7 evolution'!D99/8) -> 0.0051136654 | E19: ='package 7 evolution'!G99/8 -> 0.036084501 | F19: =SQRT('package 7 evolution'!E99/8) -> 0.0046379883
A20: Package 8 - (6 attempts) | B20: =SUM(packages_manual_measurements[Volume]) -> 0.124638 | C20: ='package 8 evolution'!C107/6 -> 0.13253133 | D20: =SQRT('package 8 evolution'!D107/6) -> 0.0087418637 | E20: ='package 8 evolution'!G107/6 -> 0.063330071 | F20: =SQRT('package 8 evolution'!E107/6) -> 0.003757056
A21: Package 9 - (7 attempts) | B21: =SUM(packages_manual_measurements[Volume]) -> 0.124638 | C21: ='package 9 evolution'!C95/7 -> 0.11930043 | D21: =SQRT('package 9 evolution'!D95/7) -> 0.006995795 | E21: ='package 9 evolution'!G95/7 -> 0.051138956 | F21: =SQRT('package 9 evolution'!E95/7) -> 0.0045223311
B23: MAPE - General | E23: =('package 1 evolution'!G52+'package 2 evolution'!G48+Tabela_23[[#TOTALS],[Absolute Error (%)]]+'package 4 evolution'!G103+'package 5 evolution'!G83+Tabela_9[[#TOTALS],[Absolute Error (%)]]+'package 7 evolution'!G99+'package 8 evolution'!G107+'package 9 evolution'!G95)/64 -> 0.044066326
B24: RMSE (L)- General | E24: =SQRT(('package 1 evolution'!D52+'package 2 evolution'!D48+Tabela_23[[#TOTALS],[MSE (m)]]+'package 4 evolution'!D103+'package 5 evolution'!D83+Tabela_9[[#TOTALS],[MSE (m)]]+'package 7 evolution'!D99+'package 8 evolution'!D107+'package 9 evolution'!D95)/64)*1000 -> 5.5859454
B25: Standard deviation (L)- General | E25: =SQRT(('package 1 evolution'!E52+'package 2 evolution'!E48+Tabela_23[[#TOTALS],[Standard Deviation (m)]]+'package 4 evolution'!E103+'package 5 evolution'!E83+Tabela_9[[#TOTALS],[Standard Deviation (m)]]+'package 7 evolution'!E99+'package 8 evolution'!E107+'package 9 evolution'!E95)/64)*1000 -> 3.4564477
B26: Average number of points - Packages 3 to 9 | E26: =AVERAGE(B32:B38) -> 7189.6522 | F26: =AVERAGE(Tabela_31[Points]) -> 6344.8962
A27: Desempenho | B27: Average execution time (s) - Packages 3 to 9 | E27: =AVERAGE(C32:C38) -> 31.546633 | F27: =AVERAGE(Tabela_31[Execution time (s)]) -> 27.779464
A29: Package type | B29: Points | C29: Execution time (s)
A30: Package 1 | B30: ='package 1 evolution'!B52/8 -> 3324.125 | C30: ='package 1 evolution'!F52/8 -> 13.755
A31: Package 2 | B31: ='package 2 evolution'!B48/8 -> 3452.375 | C31: ='package 2 evolution'!F48/8 -> 15.43375
A32: Package 3 | B32: =Tabela_23[[#TOTALS],[Number of Points]]/6 -> 8402 | C32: =Tabela_23[[#TOTALS],[Execution Time (s)]]/6 -> 36.773333
A33: Package 4 | B33: ='package 4 evolution'!B103/7 -> 6436 | C33: ='package 4 evolution'!F103/7 -> 26.691429
A34: Package 5 | B34: ='package 5 evolution'!B83/8 -> 7088.75 | C34: ='package 5 evolution'!F83/8 -> 30.72125
A35: Package 6 | B35: =Tabela_9[[#TOTALS],[Number of Points]]/6 -> 6267.3333 | C35: =Tabela_9[[#TOTALS],[Execution Time (s)]]/6 -> 25.685
A36: Package 7 | B36: ='package 7 evolution'!B99/8 -> 6284.625 | C36: ='package 7 evolution'!F99/8 -> 26.85375
A37: Package 8 | B37: ='package 8 evolution'!B107/6 -> 7017 | C37: ='package 8 evolution'!F107/6 -> 30.821667
A38: Package 9 | B38: ='package 9 evolution'!B95/7 -> 8831.8571 | C38: ='package 9 evolution'!F95/7 -> 43.28

Sheet package 1 evolution
A1: No. Points | B1: Execution Time (s) | C1: Top Volume (m³) | D1: Face Volume (m³) | E1: Final Volume (m³)
A2: 526 | B2: 1.65 | C2: 0,008475(m³ | D2: 0.007766 | E2: 0.00812
A3: 606 | B3: 1.76 | C3: 0.009461 | D3: 0.008006 | E3: 0.008734
A4: 691 | B4: 1.87 | C4: 0.016308 | D4: 0.009966 | E4: 0.013137
A5: 814 | B5: 1.99 | C5: 0.025131 | D5: 0.014887 | E5: 0.020009
A6: 903 | B6: 2.11 | C6: 0.027364 | D6: 0.016659 | E6: 0.022011
A7: 997 | B7: 2.24 | C7: 0.0338 | D7: 0.017893 | E7: 0.025846
A8: 1066 | B8: 2.37 | C8: 0.033672 | D8: 0.019577 | E8: 0.026625
A9: 1188 | B9: 2.52 | C9: 0.032762 | D9: 0.026137 | E9: 0.029449
A10: 1279 | B10: 2.67 | C10: 0.036072 | D10: 0.027939 | E10: 0.032005
A11: 1425 | B11: 2.83 | C11: 0.045967 | D11: 0.034521 | E11: 0.040244
A12: 1508 | B12: 3.01 | C12: 0.046049 | D12: 0.039854 | E12: 0.042951
A13: 1613 | B13: 3.2 | C13: 0.050635 | D13: 0.044744 | E13: 0.047689
A14: 1727 | B14: 3.39 | C14: 0.05232 | D14: 0.048072 | E14: 0.050196
... A37: 3456 | B37: 9.54 | C37: 0.061113 | D37: 0.072666 | E37: 0.06689
C41: manually measured volume | D41: 0.06602
A43: Attempt Number | B43: Number of Points | C43: Estimated Volume (m³) | D43: MSE (m) | E43: Standard Deviation (m) | F43: Execution Time (s) | G43: Absolute Error (%)
A44: 1 | B44: 3449 | C44: 0.061721 | D44: =abs(C44-D$41)^2 -> 1.8481401e-05 | E44: =ABS(C44-C$52/8)^2 -> 2.3639062e-10 | F44: 14.97 | G44: =ABS(C44-D$41)/D$41 -> 0.065116631
A45: 2 | B45: 3747 | C45: 0.063451 | D45: =abs(C45-D$41)^2 -> 6.599761e-06 | E45: =ABS(C45-C$52/8)^2 -> 3.0463339e-06 | F45: 17.37 | G45: =ABS(C45-D$41)/D$41 -> 0.038912451
A46: 3 | B46: 3119 | C46: 0.058134 | D46: =abs(C46-D$41)^2 -> 6.2188996e-05 | E46: =ABS(C46-C$52/8)^2 -> 1.2756505e-05 | F46: 13.12 | G46: =ABS(C46-D$41)/D$41 -> 0.11944865
A47: 4 | B47: 3346 | C47: 0.062601 | D47: =abs(C47-D$41)^2 -> 1.1689561e-05 | E47: =ABS(C47-C$52/8)^2 -> 8.0169639e-07 | F47: 14.46 | G47: =ABS(C47-D$41)/D$41 -> 0.051787337
A48: 5 | B48: 3576 | C48: 0.062648 | D48: =abs(C48-D$41)^2 -> 1.1370384e-05 | E48: =ABS(C48-C$52/8)^2 -> 8.8807064e-07 | F48: 16.31 | G48: =ABS(C48-D$41)/D$41 -> 0.051075432
A49: 6 | B49: 3123 | C49: 0.061683 | D49: =abs(C49-D$41)^2 -> 1.8809569e-05 | E49: =ABS(C49-C$52/8)^2 -> 5.1189062e-10 | F49: 13.43 | G49: =ABS(C49-D$41)/D$41 -> 0.065692214
A50: 7 | B50: 3456 | C50: 0.06689 | D50: =abs(C50-D$41)^2 -> 7.569e-07 | E50: =ABS(C50-C$52/8)^2 -> 2.6877744e-05 | F50: 9.54 | G50: =ABS(C50-D$41)/D$41 -> 0.013177825
A51: 8 | B51: 2777 | C51: 0.056517 | D51: =abs(C51-D$41)^2 -> 9.0307009e-05 | E51: =ABS(C51-C$52/8)^2 -> 2.6921829e-05 | F51: 10.84 | G51: =ABS(C51-D$41)/D$41 -> 0.14394123
A52: Total | B52: =SUM(B44:B51) -> 26593 | C52: =SUM(C44:C51) -> 0.493645 | D52: =SUM(D44:D51) -> 0.00022020358 | E52: =SUM(E44:E51) -> 7.1292928e-05 | F52: =SUM(F44:F51) -> 110.04 | G52: =SUM(G44:G51) -> 0.54915177

Sheet package 2 evolution
A1: No. Points | B1: Execution Time (s) | C1: Top Volume (m³) | D1: Face Volume (m³) | E1: Final Volume (m³)
A2: 515 | B2: 2.24 | C2: 0.013397 | D2: 0.008245 | E2: 0.010821
A3: 543 | B3: 2.38 | C3: 0.013326 | D3: 0.009432 | E3: 0.011379
A4: 1114 | B4: 2.53 | C4: 0.028952 | D4: 0.021022 | E4: 0.024987
A5: 1173 | B5: 2.67 | C5: 0.031812 | D5: 0.022401 | E5: 0.027106
A6: 1290 | B6: 2.81 | C6: 0.049681 | D6: 0.026371 | E6: 0.038026
A7: 1371 | B7: 2.96 | C7: 0.048844 | D7: 0.028061 | E7: 0.038453
A8: 1457 | B8: 3.1 | C8: 0.045801 | D8: 0.030787 | E8: 0.038294
A9: 1569 | B9: 3.26 | C9: 0.044785 | D9: 0.034702 | E9: 0.039744
A10: 1626 | B10: 3.42 | C10: 0.045104 | D10: 0.03533 | E10: 0.040217
A11: 1708 | B11: 3.59 | C11: 0.045707 | D11: 0.036844 | E11: 0.041275
A12: 1792 | B12: 3.76 | C12: 0.048196 | D12: 0.039061 | E12: 0.043628
A13: 1844 | B13: 3.94 | C13: 0.04844 | D13: 0.039214 | E13: 0.043827
... A34: 3285 | B34: 9.4 | C34: 0.057603 | D34: 0.058106 | E34: 0.057854
A37: Real time | C37: manually measured volume | D37: 0.058618
A39: Attempt Number | B39: Number of Points | C39: Estimated Volume (m³) | D39: MSE (m) | E39: Standard Deviation (m) | F39: Execution Time (s) | G39: Absolute Error (%)
A40: 1 | B40: 4322 | C40: 0.059389 | D40: =abs(C40-D$37)^2 -> 5.94441e-07 | E40: =(C40-C$48/8)^2 -> 1.0314535e-05 | F40: 22.68 | G40: =ABS(C40-D$37)/D$37 -> 0.013152956
A41: 2 | B41: 3232 | C41: 0.057355 | D41: =abs(C41-D$37)^2 -> 1.595169e-06 | E41: =(C41-C$48/8)^2 -> 1.3868006e-06 | F41: 14.44 | G41: =ABS(C41-D$37)/D$37 -> 0.021546283
A42: 3 | B42: 3285 | C42: 0.057854 | D42: =abs(C42-D$37)^2 -> 5.83696e-07 | E42: =(C42-C$48/8)^2 -> 2.8110714e-06 | F42: 9.4 | G42: =ABS(C42-D$37)/D$37 -> 0.013033539
A43: 4 | B43: 3338 | C43: 0.054298 | D43: =abs(C43-D$37)^2 -> 1.86624e-05 | E43: =(C43-C$48/8)^2 -> 3.5320504e-06 | F43: 14.74 | G43: =ABS(C43-D$37)/D$37 -> 0.073697499
A44: 5 | B44: 4338 | C44: 0.059015 | D44: =abs(C44-D$37)^2 -> 1.57609e-07 | E44: =(C44-C$48/8)^2 -> 8.0521156e-06 | F44: 23.04 | G44: =ABS(C44-D$37)/D$37 -> 0.0067726637
A45: 6 | B45: 2782 | C45: 0.05136 | D45: =abs(C45-D$37)^2 -> 5.2678564e-05 | E45: =(C45-C$48/8)^2 -> 2.3207102e-05 | F45: 10.86 | G45: =ABS(C45-D$37)/D$37 -> 0.12381862
A46: 7 | B46: 2502 | C46: 0.051776 | D46: =abs(C46-D$37)^2 -> 4.6812964e-05 | E46: =(C46-C$48/8)^2 -> 1.9372102e-05 | F46: 9.36 | G46: =ABS(C46-D$37)/D$37 -> 0.11672183
A47: 8 | B47: 3820 | C47: 0.058372 | D47: =abs(C47-D$37)^2 -> 6.0516e-08 | E47: =(C47-C$48/8)^2 -> 4.8163789e-06 | F47: 18.95 | G47: =ABS(C47-D$37)/D$37 -> 0.0041966631
A48: Total | B48: =SUM(B40:B47) -> 27619 | C48: =SUM(C40:C47) -> 0.449419 | D48: =SUM(D40:D47) -> 0.00012114536 | E48: =SUM(E40:E47) -> 7.3492156e-05 | F48: =SUM(F40:F47) -> 123.47 | G48: =SUM(G40:G47) -> 0.37294005

Sheet package 3 evolution
A1: No. Points | B1: Execution Time (s) | C1: Top Volume (m³) | D1: Face Volume (m³) | E1: Final Volume (m³)
A2: 618 | B2: 2.89 | C2: 0.01054 | D2: 0.011524 | E2: 0.011032
A3: 665 | B3: 3.02 | C3: 0.010902 | D3: 0.011927 | E3: 0.011414
A4: 1317 | B4: 3.17 | C4: 0.034817 | D4: 0.034076 | E4: 0.034446
A5: 1406 | B5: 3.32 | C5: 0.036403 | D5: 0.034116 | E5: 0.03526
A6: 1505 | B6: 3.49 | C6: 0.043275 | D6: 0.035288 | E6: 0.039281
A7: 1641 | B7: 3.67 | C7: 0.050564 | D7: 0.03826 | E7: 0.044412
A8: 1726 | B8: 3.93 | C8: 0.053715 | D8: 0.03827 | E8: 0.045993
A9: 1819 | B9: 4.14 | C9: 0.058458 | D9: 0.045584 | E9: 0.052021
A10: 1946 | B10: 4.34 | C10: 0.061843 | D10: 0.048589 | E10: 0.055216
A11: 2094 | B11: 4.54 | C11: 0.064372 | D11: 0.077213 | E11: 0.070792
A12: 2141 | B12: 4.89 | C12: 0.065133 | D12: 0.077771 | E12: 0.071452
A13: 2238 | B13: 5.13 | C13: 0.06648 | D13: 0.08028 | E13: 0.07338
... A89: 7678 | B89: 38.29 | C89: 0.128765 | D89: 0.126264 | E89: 0.127515
B92: manually measured volume | C92: 0.124638
A94: Attempt Number | B94: Number of Points | C94: Estimated Volume (m³) | D94: MSE (m) | E94: Standard Deviation (m) | F94: Execution Time (s) | G94: Absolute Error (%)
A95: 1 | B95: 9090 | C95: 0.129673 | D95: =abs(C95-C$92)^2 -> 2.5351225e-05 | E95: =(C95-Tabela_23[[#TOTALS],[Estimated Volume (m³)]]/6)^2 -> 8.1450625e-07 | F95: 40.08 | G95: =ABS(C95-C$92)/C$92 -> 0.04039699
A96: 2 | B96: 9341 | C96: 0.133892 | D96: =abs(C96-C$92)^2 -> 8.5636516e-05 | E96: =(C96-Tabela_23[[#TOTALS],[Estimated Volume (m³)]]/6)^2 -> 1.0999172e-05 | F96: 45.58 | G96: =ABS(C96-C$92)/C$92 -> 0.074247019
A97: 3 | B97: 8978 | C97: 0.132704 | D97: =abs(C97-C$92)^2 -> 6.5060356e-05 | E97: =(C97-Tabela_23[[#TOTALS],[Estimated Volume (m³)]]/6)^2 -> 4.5305123e-06 | F97: 38.34 | G97: =ABS(C97-C$92)/C$92 -> 0.064715416
A98: 4 | B98: 8194 | C98: 0.133281 | D98: =abs(C98-C$92)^2 -> 7.4701449e-05 | E98: =(C98-Tabela_23[[#TOTALS],[Estimated Volume (m³)]]/6)^2 -> 7.3197302e-06 | F98: 32.2 | G98: =ABS(C98-C$92)/C$92 -> 0.069344823
A99: 5 | B99: 7678 | C99: 0.127515 | D99: =abs(C99-C$92)^2 -> 8.277129e-06 | E99: =(C99-Tabela_23[[#TOTALS],[Estimated Volume (m³)]]/6)^2 -> 9.3666602e-06 | F99: 38.29 | G99: =ABS(C99-C$92)/C$92 -> 0.023082848
A100: 6 | B100: 7131 | C100: 0.126388 | D100: =abs(C100-C$92)^2 -> 3.0625e-06 | E100: =(C100-Tabela_23[[#TOTALS],[Estimated Volume (m³)]]/6)^2 -> 1.7535156e-05 | F100: 26.15 | G100: =ABS(C100-C$92)/C$92 -> 0.014040662
A101: TOTAL | B101: =SUM(B95:B100) -> 50412 | C101: =SUM(Tabela_23[Estimated Volume (m³)]) -> 0.783453 | D101: =SUM(Tabela_23[MSE (m)]) -> 0.00026208918 | E101: =SUM(Tabela_23[Standard Deviation (m)]) -> 5.0565738e-05 | F101: =SUM(Tabela_23[Execution Time (s)]) -> 220.64 | G101: =SUM(Tabela_23[Absolute Error (%)]) -> 0.28582776

Sheet package 4 evolution
A1: No. Points | B1: Execution Time (s) | C1: Top Volume (m³) | D1: Face Volume (m³) | E1: Final Volume (m³)
A2: 1116 | B2: 2.22 | C2: 0.027285 | D2: 0.029843 | E2: 0.028564
A3: 1229 | B3: 2.38 | C3: 0.032498 | D3: 0.035097 | E3: 0.033798
A4: 1303 | B4: 2.56 | C4: 0.040585 | D4: 0.03595 | E4: 0.038268
A5: 1368 | B5: 2.74 | C5: 0.04129 | D5: 0.036693 | E5: 0.038992
A6: 1477 | B6: 2.91 | C6: 0.044286 | D6: 0.041764 | E6: 0.043025
A7: 1608 | B7: 3.09 | C7: 0.058912 | D7: 0.042542 | E7: 0.050727
A8: 1641 | B8: 3.28 | C8: 0.059554 | D8: 0.050601 | E8: 0.055077
A9: 1761 | B9: 3.47 | C9: 0.067223 | D9: 0.05328 | E9: 0.060251
A10: 1884 | B10: 3.68 | C10: 0.067682 | D10: 0.063111 | E10: 0.065397
A11: 1963 | B11: 3.9 | C11: 0.071183 | D11: 0.062455 | E11: 0.066819
A12: 2077 | B12: 4.11 | C12: 0.085792 | D12: 0.063911 | E12: 0.074852
A13: 2212 | B13: 4.34 | C13: 0.091527 | D13: 0.072528 | E13: 0.082027
... A87: 7370 | B87: 37.83 | C87: 0.138895 | D87: 0.123982 | E87: 0.131439
C93: manually measured volume | D93: 0.124638
A95: Attempt Number | B95: Number of Points | C95: Estimated Volume (m³) | D95: MSE (m) | E95: Standard Deviation (m) | F95: Execution Time (s) | G95: Absolute Error (%)
A96: 1 | B96: 7370 | C96: 0.131439 | D96: =abs(C96-D$93)^2 -> 4.6253601e-05 | E96: =(C96-C$103/7)^2 -> 6.1227968e-06 | F96: 37.83 | G96: =ABS(C96-D$93)/D$93 -> 0.054566023
A97: 2 | B97: 6448 | C97: 0.129133 | D97: =abs(C97-D$93)^2 -> 2.0205025e-05 | E97: =(C97-C$103/7)^2 -> 2.8368184e-08 | F97: 24 | G97: =ABS(C97-D$93)/D$93 -> 0.036064443
A98: 3 | B98: 7009 | C98: 0.130471 | D98: =abs(C98-D$93)^2 -> 3.4023889e-05 | E98: =(C98-C$103/7)^2 -> 2.269327e-06 | F98: 34.41 | G98: =ABS(C98-D$93)/D$93 -> 0.046799531
A99: 4 | B99: 6387 | C99: 0.130339 | D99: =abs(C99-D$93)^2 -> 3.2501401e-05 | E99: =(C99-C$103/7)^2 -> 1.8890539e-06 | F99: 24.65 | G99: =ABS(C99-D$93)/D$93 -> 0.045740464
A100: 5 | B100: 5996 | C100: 0.125174 | D100: =abs(C100-D$93)^2 -> 2.87296e-07 | E100: =(C100-C$103/7)^2 -> 1.4368432e-05 | F100: 21.82 | G100: =ABS(C100-D$93)/D$93 -> 0.0043004541
A101: 6 | B101: 6651 | C101: 0.131053 | D101: =abs(C101-D$93)^2 -> 4.1152225e-05 | E101: =(C101-C$103/7)^2 -> 4.3615339e-06 | F101: 27.05 | G101: =ABS(C101-D$93)/D$93 -> 0.051469054
A102: 7 | B102: 5191 | C102: 0.125143 | D102: =abs(C102-D$93)^2 -> 2.55025e-07 | E102: =(C102-C$103/7)^2 -> 1.4604408e-05 | F102: 17.08 | G102: =ABS(C102-D$93)/D$93 -> 0.0040517338
A103: TOTAL | B103: =SUM(B96:B102) -> 45052 | C103: =SUM(C96:C102) -> 0.902752 | D103: =SUM(D96:D102) -> 0.00017467846 | E103: =SUM(E96:E102) -> 4.364392e-05 | F103: =SUM(F96:F102) -> 186.84 | G103: =SUM(G96:G102) -> 0.2429917

Sheet package 5 evolution
A1: No. Points | B1: Execution Time (s) | C1: Top Volume (m³) | D1: Face Volume (m³) | E1: Final Volume (m³)
A2: 550 | B2: 2.89 | C2: 0.008047 | D2: 0.008048 | E2: 0.008047
A3: 592 | B3: 3.01 | C3: 0.008468 | D3: 0.008443 | E3: 0.008456
A4: 1260 | B4: 3.14 | C4: 0.039222 | D4: 0.026109 | E4: 0.032666
A5: 1336 | B5: 3.27 | C5: 0.039756 | D5: 0.028432 | E5: 0.034094
A6: 1473 | B6: 3.41 | C6: 0.042276 | D6: 0.030707 | E6: 0.036492
A7: 1536 | B7: 3.56 | C7: 0.053115 | D7: 0.0327 | E7: 0.042907
A8: 1614 | B8: 3.71 | C8: 0.054411 | D8: 0.033943 | E8: 0.044177
A9: 1693 | B9: 3.87 | C9: 0.056538 | D9: 0.035645 | E9: 0.046092
A10: 1826 | B10: 4.03 | C10: 0.05627 | D10: 0.043213 | E10: 0.049742
A11: 1891 | B11: 4.21 | C11: 0.060296 | D11: 0.049575 | E11: 0.054936
A12: 2035 | B12: 4.47 | C12: 0.061371 | D12: 0.052994 | E12: 0.057182
A13: 2096 | B13: 4.65 | C13: 0.061787 | D13: 0.054191 | E13: 0.057989
... A69: 6032 | B69: 26 | C69: 0.120862 | D69: 0.128913 | E69: 0.124888
C72: manually measured volume | D72: 0.124638
A74: Attempt Number | B74: Number of Points | C74: Estimated Volume (m³) | D74: MSE (m) | E74: Standard Deviation (m) | F74: Execution Time (s) | G74: Absolute Error (%)
A75: 1 | B75: 6198 | C75: 0.119874 | D75: =abs(C75-D$72)^2 -> 2.2695696e-05 | E75: =ABS(C75-C$83/8)^2 -> 1.6697439e-05 | F75: 22.35 | G75: =ABS(C75-D$72)/D$72 -> 0.038222693
A76: 2 | B76: 7573 | C76: 0.124379 | D76: =abs(C76-D$72)^2 -> 6.7081e-08 | E76: =ABS(C76-C$83/8)^2 -> 1.7535156e-07 | F76: 33.08 | G76: =ABS(C76-D$72)/D$72 -> 0.0020780179
A77: 3 | B77: 8685 | C77: 0.12861 | D77: =abs(C77-D$72)^2 -> 1.5776784e-05 | E77: =ABS(C77-C$83/8)^2 -> 2.1620175e-05 | F77: 43.81 | G77: =ABS(C77-D$72)/D$72 -> 0.031868291
A78: 4 | B78: 6624 | C78: 0.119527 | D78: =abs(C78-D$72)^2 -> 2.6122321e-05 | E78: =ABS(C78-C$83/8)^2 -> 1.9653706e-05 | F78: 27.83 | G78: =ABS(C78-D$72)/D$72 -> 0.041006756
A79: 5 | B79: 7944 | C79: 0.126386 | D79: =abs(C79-D$72)^2 -> 3.055504e-06 | E79: =ABS(C79-C$83/8)^2 -> 5.8842631e-06 | F79: 36.04 | G79: =ABS(C79-D$72)/D$72 -> 0.014024615
A80: 6 | B80: 7242 | C80: 0.125118 | D80: =abs(C80-D$72)^2 -> 2.304e-07 | E80: =ABS(C80-C$83/8)^2 -> 1.3403851e-06 | F80: 31.24 | G80: =ABS(C80-D$72)/D$72 -> 0.0038511529
A81: 7 | B81: 6032 | C81: 0.124888 | D81: =abs(C81-D$72)^2 -> 6.25e-08 | E81: =ABS(C81-C$83/8)^2 -> 8.6072006e-07 | F81: 26 | G81: =ABS(C81-D$72)/D$72 -> 0.0020058088
A82: 8 | B82: 6412 | C82: 0.1229 | D82: =abs(C82-D$72)^2 -> 3.020644e-06 | E82: =ABS(C82-C$83/8)^2 -> 1.1241301e-06 | F82: 25.42 | G82: =ABS(C82-D$72)/D$72 -> 0.013944383
A83: TOTAL | B83: =SUM(B75:B82) -> 56710 | C83: =SUM(C75:C82) -> 0.991682 | D83: =SUM(D75:D82) -> 7.103093e-05 | E83: =SUM(E75:E82) -> 6.7356169e-05 | F83: =SUM(F75:F82) -> 245.77 | G83: =SUM(G75:G82) -> 0.14700172

Sheet package 6 evolution
A1: No. Points | B1: Execution Time (s) | C1: Top Volume (m³) | D1: Face Volume (m³) | E1: Final Volume (m³)
A2: 578 | B2: 2.35 | C2: 0.007439 | D2: 0.008755 | E2: 0.008097
A3: 927 | B3: 2.46 | C3: 0.022406 | D3: 0.017728 | E3: 0.020067
A4: 1160 | B4: 2.58 | C4: 0.026366 | D4: 0.020729 | E4: 0.023547
A5: 1216 | B5: 2.71 | C5: 0.026543 | D5: 0.021978 | E5: 0.02426
A6: 1318 | B6: 2.83 | C6: 0.032074 | D6: 0.024572 | E6: 0.028323
A7: 1486 | B7: 2.97 | C7: 0.040835 | D7: 0.027679 | E7: 0.034257
A8: 1561 | B8: 3.1 | C8: 0.042248 | D8: 0.03352 | E8: 0.037884
A9: 1603 | B9: 3.25 | C9: 0.042888 | D9: 0.033563 | E9: 0.038226
A10: 1705 | B10: 3.39 | C10: 0.04524 | D10: 0.036548 | E10: 0.040894
A11: 1819 | B11: 3.55 | C11: 0.050071 | D11: 0.037724 | E11: 0.043898
A12: 1873 | B12: 3.7 | C12: 0.051476 | D12: 0.037966 | E12: 0.044721
A13: 1970 | B13: 3.86 | C13: 0.060757 | D13: 0.041027 | E13: 0.050892
... A87: 6915 | B87: 31.62 | C87: 0.129265 | D87: 0.125793 | E87: 0.127529
C89: manually measured volume | D89: 0.124638
A91: Attempt Number | B91: Number of Points | C91: Estimated Volume (m³) | D91: MSE (m) | E91: Standard Deviation (m) | F91: Execution Time (s) | G91: Absolute Error (%)
A92: 1 | B92: 6092 | C92: 0.125442 | D92: =abs(C92-D$89)^2 -> 6.46416e-07 | E92: =(C92-Tabela_9[[#TOTALS],[Estimated Volume (m³)]]/6)^2 -> 8.0051271e-06 | F92: 23.49 | G92: =ABS(C92-D$89)/D$89 -> 0.0064506812
A93: 2 | B93: 6237 | C93: 0.131826 | D93: =abs(C93-D$89)^2 -> 5.1667344e-05 | E93: =(C93-Tabela_9[[#TOTALS],[Estimated Volume (m³)]]/6)^2 -> 1.2635655e-05 | F93: 24.8 | G93: =ABS(C93-D$89)/D$89 -> 0.057671015
A94: 3 | B94: 6767 | C94: 0.13129 | D94: =abs(C94-D$89)^2 -> 4.4249104e-05 | E94: =(C94-Tabela_9[[#TOTALS],[Estimated Volume (m³)]]/6)^2 -> 9.1123484e-06 | F94: 28.83 | G94: =ABS(C94-D$89)/D$89 -> 0.053370561
A95: 4 | B95: 6915 | C95: 0.127529 | D95: =abs(C95-D$89)^2 -> 8.357881e-06 | E95: =(C95-Tabela_9[[#TOTALS],[Estimated Volume (m³)]]/6)^2 -> 5.5105878e-07 | F95: 31.62 | G95: =ABS(C95-D$89)/D$89 -> 0.023195173
A96: 5 | B96: 6019 | C96: 0.130199 | D96: =abs(C96-D$89)^2 -> 3.0924721e-05 | E96: =(C96-Tabela_9[[#TOTALS],[Estimated Volume (m³)]]/6)^2 -> 3.7158988e-06 | F96: 24.18 | G96: =ABS(C96-D$89)/D$89 -> 0.044617211
A97: 6 | B97: 5574 | C97: 0.123342 | D97: =abs(C97-D$89)^2 -> 1.679616e-06 | E97: =(C97-Tabela_9[[#TOTALS],[Estimated Volume (m³)]]/6)^2 -> 2.4298327e-05 | F97: 21.19 | G97: =ABS(C97-D$89)/D$89 -> 0.010398113
A98: TOATAL | B98: =SUM(B92:B97) -> 37604 | C98: =SUM(C92:C97) -> 0.769628 | D98: =SUM(D92:D97) -> 0.00013752508 | E98: =SUM(E92:E97) -> 5.8318415e-05 | F98: =SUM(F92:F97) -> 154.11 | G98: =SUM(G92:G97) -> 0.19570276

Sheet package 7 evolution
A1: No. Points | B1: Execution Time (s) | C1: Top Volume (m³) | D1: Face Volume (m³) | E1: Final Volume (m³)
A2: 714 | B2: 2.34 | C2: 0.015069 | D2: 0.014659 | E2: 0.014864
A3: 755 | B3: 2.45 | C3: 0.015514 | D3: 0.015048 | E3: 0.015281
A4: 806 | B4: 2.55 | C4: 0.01745 | D4: 0.016851 | E4: 0.01715
A5: 902 | B5: 2.66 | C5: 0.018583 | D5: 0.020583 | E5: 0.019583
A6: 982 | B6: 2.78 | C6: 0.030041 | D6: 0.023739 | E6: 0.02689
A7: 1238 | B7: 2.97 | C7: 0.032779 | D7: 0.033992 | E7: 0.033386
A8: 1314 | B8: 3.14 | C8: 0.032753 | D8: 0.035657 | E8: 0.034205
A9: 1402 | B9: 3.28 | C9: 0.038091 | D9: 0.036703 | E9: 0.037397
A10: 1499 | B10: 3.43 | C10: 0.040205 | D10: 0.039164 | E10: 0.039685
A11: 1575 | B11: 3.58 | C11: 0.0436 | D11: 0.041714 | E11: 0.042657
A12: 1658 | B12: 3.73 | C12: 0.046322 | D12: 0.047234 | E12: 0.046778
A13: 1766 | B13: 3.89 | C13: 0.04843 | D13: 0.049853 | E13: 0.049142
... A83: 6320 | B83: 28.6 | C83: 0.12278 | D83: 0.125307 | E83: 0.124044
C88: manually measured volume | D88: 0.124638
A90: Attempt Number | B90: Number of Points | C90: Estimated Volume (m³) | D90: MSE (m) | E90: Standard Deviation (m) | F90: Execution Time (s) | G90: Absolute Error (%)
A91: 1 | B91: 7342 | C91: 0.127394 | D91: =abs(C91-D$88)^2 -> 7.595536e-06 | E91: =(C91-C$99/8)^2 -> 2.4105645e-05 | F91: 34.97 | G91: =ABS(C91-D$88)/D$88 -> 0.022112036
A92: 2 | B92: 5694 | C92: 0.118818 | D92: =abs(C92-D$88)^2 -> 3.38724e-05 | E92: =(C92-C$99/8)^2 -> 1.3441389e-05 | F92: 21.56 | G92: =ABS(C92-D$88)/D$88 -> 0.046695229
A93: 3 | B93: 5354 | C93: 0.117425 | D93: =abs(C93-D$88)^2 -> 5.2027369e-05 | E93: =(C93-C$99/8)^2 -> 2.5596011e-05 | F93: 18.53 | G93: =ABS(C93-D$88)/D$88 -> 0.057871596
A94: 4 | B94: 5158 | C94: 0.119214 | D94: =abs(C94-D$88)^2 -> 2.9419776e-05 | E94: =(C94-C$99/8)^2 -> 1.0694535e-05 | F94: 18.37 | G94: =ABS(C94-D$88)/D$88 -> 0.043518028
A95: 5 | B95: 7123 | C95: 0.126082 | D95: =abs(C95-D$88)^2 -> 2.085136e-06 | E95: =(C95-C$99/8)^2 -> 1.2943805e-05 | F95: 32.25 | G95: =ABS(C95-D$88)/D$88 -> 0.011585552
A96: 6 | B96: 8001 | C96: 0.129813 | D96: =abs(C96-D$88)^2 -> 2.6780625e-05 | E96: =(C96-C$99/8)^2 -> 5.3710577e-05 | F96: 41.96 | G96: =ABS(C96-D$88)/D$88 -> 0.041520243
A97: 7 | B97: 5285 | C97: 0.117084 | D97: =abs(C97-D$88)^2 -> 5.7062916e-05 | E97: =(C97-C$99/8)^2 -> 2.91627e-05 | F97: 18.59 | G97: =ABS(C97-D$88)/D$88 -> 0.060607519
A98: 8 | B98: 6320 | C98: 0.124044 | D98: =abs(C98-D$88)^2 -> 3.52836e-07 | E98: =(C98-C$99/8)^2 -> 2.4328201e-06 | F98: 28.6 | G98: =ABS(C98-D$88)/D$88 -> 0.0047658018
A99: TOTAL | B99: =SUM(B91:B98) -> 50277 | C99: =SUM(C91:C98) -> 0.979874 | D99: =SUM(D91:D98) -> 0.00020919659 | E99: =SUM(E91:E98) -> 0.00017208748 | F99: =SUM(F91:F98) -> 214.83 | G99: =SUM(G91:G98) -> 0.28867601

Sheet package 8 evolution
A1: No. Points | B1: Execution Time (s) | C1: Top Volume (m³) | D1: Face Volume (m³) | E1: Final Volume (m³)
A2: 543 | B2: 2.27 | C2: 0.007084 | D2: 0.008196 | E2: 0.00764
A3: 617 | B3: 2.38 | C3: 0.007567 | D3: 0.009605 | E3: 0.008586
A4: 963 | B4: 2.49 | C4: 0.016738 | D4: 0.018827 | E4: 0.017782
A5: 1100 | B5: 2.61 | C5: 0.017653 | D5: 0.0203 | E5: 0.018976
A6: 1224 | B6: 2.74 | C6: 0.030184 | D6: 0.025746 | E6: 0.027965
A7: 1346 | B7: 2.87 | C7: 0.030723 | D7: 0.027323 | E7: 0.029023
A8: 1443 | B8: 3.01 | C8: 0.031523 | D8: 0.028166 | E8: 0.029845
A9: 1571 | B9: 3.15 | C9: 0.042467 | D9: 0.031809 | E9: 0.037138
A10: 1744 | B10: 3.3 | C10: 0.053086 | D10: 0.045933 | E10: 0.049509
A11: 1803 | B11: 3.46 | C11: 0.053691 | D11: 0.046655 | E11: 0.050173
A12: 1867 | B12: 3.62 | C12: 0.052282 | D12: 0.046372 | E12: 0.049327
A13: 1956 | B13: 3.8 | C13: 0.055712 | D13: 0.048689 | E13: 0.0522
... A96: 7998 | B96: 39.64 | C96: 0.150164 | D96: 0.127657 | E96: 0.13891
C98: manually measured volume | D98: 0.124638
A100: Attempt Number | B100: Number of Points | C100: Estimated Volume (m³) | D100: MSE (m) | E100: Standard Deviation (m) | F100: Execution Time (s) | G100: Absolute Error (%)
A101: 1 | B101: 6784 | C101: 0.133417 | D101: =abs(C101-D$98)^2 -> 7.7070841e-05 | E101: =(C101-C$107/6)^2 -> 7.8440544e-07 | F101: 29.47 | G101: =ABS(C101-D$98)/D$98 -> 0.070435983
A102: 2 | B102: 7245 | C102: 0.134186 | D102: =abs(C102-D$98)^2 -> 9.1164304e-05 | E102: =(C102-C$107/6)^2 -> 2.7379218e-06 | F102: 36.25 | G102: =ABS(C102-D$98)/D$98 -> 0.076605851
A103: 3 | B103: 6586 | C103: 0.127063 | D103: =abs(C103-D$98)^2 -> 5.880625e-06 | E103: =(C103-C$107/6)^2 -> 2.9902669e-05 | F103: 27.77 | G103: =ABS(C103-D$98)/D$98 -> 0.019456346
A104: 4 | B104: 6772 | C104: 0.129285 | D104: =abs(C104-D$98)^2 -> 2.1594609e-05 | E104: =(C104-C$107/6)^2 -> 1.053868e-05 | F104: 23.49 | G104: =ABS(C104-D$98)/D$98 -> 0.037283974
A105: 5 | B105: 6717 | C105: 0.132327 | D105: =abs(C105-D$98)^2 -> 5.9120721e-05 | E105: =(C105-C$107/6)^2 -> 4.1752111e-08 | F105: 28.31 | G105: =ABS(C105-D$98)/D$98 -> 0.061690656
A106: 6 | B106: 7998 | C106: 0.13891 | D106: =abs(C106-D$98)^2 -> 0.00020368998 | E106: =(C106-C$107/6)^2 -> 4.0687388e-05 | F106: 39.64 | G106: =ABS(C106-D$98)/D$98 -> 0.11450761
A107: TOTAL | B107: =SUM(B101:B106) -> 42102 | C107: =SUM(C101:C106) -> 0.795188 | D107: =SUM(D101:D106) -> 0.00045852108 | E107: =SUM(E101:E106) -> 8.4692817e-05 | F107: =SUM(F101:F106) -> 184.93 | G107: =SUM(G101:G106) -> 0.37998042

Sheet package 9 evolution
A1: No. Points | B1: Execution Time (s) | C1: Top Volume (m³) | D1: Face Volume (m³) | E1: Final Volume (m³)
A2: 516 | B2: 2.05 | C2: 0.005706 | D2: 0.007299 | E2: 0.006502
A3: 695 | B3: 2.16 | C3: 0.011758 | D3: 0.01009 | E3: 0.010924
A4: 882 | B4: 2.26 | C4: 0.015206 | D4: 0.011758 | E4: 0.013482
A5: 912 | B5: 2.38 | C5: 0.015593 | D5: 0.011926 | E5: 0.01376
A6: 1211 | B6: 2.5 | C6: 0.019704 | D6: 0.030454 | E6: 0.025079
A7: 1280 | B7: 2.64 | C7: 0.023202 | D7: 0.031516 | E7: 0.027359
A8: 1329 | B8: 2.78 | C8: 0.02087 | D8: 0.03201 | E8: 0.02644
A9: 1429 | B9: 2.92 | C9: 0.022463 | D9: 0.033836 | E9: 0.028149
A10: 1555 | B10: 3.07 | C10: 0.031568 | D10: 0.036621 | E10: 0.034094
A11: 1663 | B11: 3.23 | C11: 0.031968 | D11: 0.038282 | E11: 0.035125
A12: 1732 | B12: 3.39 | C12: 0.031391 | D12: 0.039654 | E12: 0.035523
A13: 1852 | B13: 3.56 | C13: 0.033286 | D13: 0.04179 | E13: 0.037538
... A82: 8045 | B82: 32.95 | C82: 0.108034 | D82: 0.1401 | E82: 0.124067
C85: manually measured volume | D85: 0.124638
A87: Attempt Number | B87: Number of Points | C87: Estimated Volume (m³) | D87: MSE (m) | E87: Standard Deviation (m) | F87: Execution Time (s) | G87: Absolute Error (%)
A88: 1 | B88: 10175 | C88: 0.128265 | D88: =abs(C88-D$85)^2 -> 1.3155129e-05 | E88: =(C88-C$95/7)^2 -> 8.0363541e-05 | F88: 58.44 | G88: =ABS(C88-D$85)/D$85 -> 0.029100274
A89: 2 | B89: 10000 | C89: 0.117566 | D89: =abs(C89-D$85)^2 -> 5.0013184e-05 | E89: =(C89-C$95/7)^2 -> 3.0082425e-06 | F89: 54.88 | G89: =ABS(C89-D$85)/D$85 -> 0.05674032
A90: 3 | B90: 8045 | C90: 0.124067 | D90: =abs(C90-D$85)^2 -> 3.26041e-07 | E90: =(C90-C$95/7)^2 -> 2.2720203e-05 | F90: 32.95 | G90: =ABS(C90-D$85)/D$85 -> 0.0045812674
A91: 4 | B91: 8801 | C91: 0.116097 | D91: =abs(C91-D$85)^2 -> 7.2948681e-05 | E91: =(C91-C$95/7)^2 -> 1.0261955e-05 | F91: 42.44 | G91: =ABS(C91-D$85)/D$85 -> 0.068526453
A92: 5 | B92: 8373 | C92: 0.117055 | D92: =abs(C92-D$85)^2 -> 5.7501889e-05 | E92: =(C92-C$95/7)^2 -> 5.0419495e-06 | F92: 38.79 | G92: =ABS(C92-D$85)/D$85 -> 0.060840193
A93: 6 | B93: 8675 | C93: 0.116431 | D93: =abs(C93-D$85)^2 -> 6.7354849e-05 | E93: =(C93-C$95/7)^2 -> 8.2336203e-06 | F93: 41.98 | G93: =ABS(C93-D$85)/D$85 -> 0.065846692
A94: 7 | B94: 7754 | C94: 0.115622 | D94: =abs(C94-D$85)^2 -> 8.1288256e-05 | E94: =(C94-C$95/7)^2 -> 1.3530837e-05 | F94: 33.48 | G94: =ABS(C94-D$85)/D$85 -> 0.072337489
A95: TOTAL | B95: =SUM(B88:B94) -> 61823 | C95: =SUM(C88:C94) -> 0.835103 | D95: =SUM(D88:D94) -> 0.00034258803 | E95: =SUM(E88:E94) -> 0.00014316035 | F95: =SUM(F88:F94) -> 302.96 | G95: =SUM(G88:G94) -> 0.35797269
