Workbook

Sheet General
B1: Analysis of execution time in the three methods
C2: P1 | D2: P2 | E2: P3 | F2: P4 | G2: P5 | H2: P6 (p1) | I2: P6(p2) | J2: P7 | K2: Average
B3: Bounding Box | C3: =BoundingBox!R10 -> 0.3325 | D3: =BoundingBox!R23 -> 1.16 | E3: =BoundingBox!R33 -> 0.70333333 | F3: =BoundingBox!R42 -> 0.55666667 | G3: =BoundingBox!R53 -> 0.28333333 | H3: =BoundingBox!R63 -> 0.32666667 | I3: =BoundingBox!Z63 -> 0.73333333 | J3: =BoundingBox!R73 -> 1.8866667 | K3: =AVERAGE(C3:J3) -> 0.7478125
B4: Convex Hull | C4: =ConvexHull!R9 -> 0.53 | D4: =ConvexHull!R22 -> 1.0466667 | E4: =ConvexHull!R32 -> 0.80666667 | F4: =ConvexHull!R41 -> 0.65 | G4: =ConvexHull!R52 -> 0.4575 | H4: =ConvexHull!R62 -> 0.85666667 | I4: =ConvexHull!Y62 -> 1.6225 | J4: =ConvexHull!R72 -> 2.55 | K4: =AVERAGE(C4:J4) -> 1.065
B5: Voxelization | C5: =Voxelization!R9 -> 6.2133333 | D5: =Voxelization!R22 -> 5.7066667 | E5: =Voxelization!R32 -> 11.743333 | F5: =Voxelization!R41 -> 5.3433333 | G5: =Voxelization!R52 -> 3.6933333 | H5: =Voxelization!R62 -> 2.49 | I5: =Voxelization!Y62 -> 12.316667 | J5: =Voxelization!R72 -> 17.003333 | K5: =AVERAGE(C5:J5) -> 8.06375
B28: Analysis of the number of points in the cloud using the three methods.
C29: P1 | D29: P2 | E29: P3 | F29: P4 | G29: P5 | H29: P6 | I29: P6(p2) | J29: P7 | K29: Average
B30: Bounding Box | C30: =BoundingBox!R15 -> 593.75 | D30: =BoundingBox!R28 -> 1188 | E30: =BoundingBox!R38 -> 1252 | F30: =BoundingBox!R47 -> 398.33333 | G30: =BoundingBox!R58 -> 406.33333 | H30: =BoundingBox!R68 -> 350.33333 | I30: =BoundingBox!Z68 -> 944.33333 | J30: =BoundingBox!R78 -> 2153.3333 | K30: =AVERAGE(C30:J30) -> 910.80208
B31: Convex Hull | C31: =ConvexHull!R14 -> 724 | D31: =ConvexHull!R27 -> 1127.3333 | E31: =ConvexHull!R37 -> 1380.6667 | F31: =ConvexHull!R46 -> 457 | G31: =ConvexHull!R57 -> 579 | H31: =ConvexHull!R67 -> 1171 | I31: =ConvexHull!Y67 -> 1434 | J31: =ConvexHull!R77 -> 2215 | K31: =AVERAGE(C31:J31) -> 1136
B32: Voxelization | C32: =Voxelization!R14 -> 1357.6667 | D32: =Voxelization!R27 -> 2004.6667 | E32: =Voxelization!R37 -> 2743.5 | F32: =Voxelization!R46 -> 850 | G32: =Voxelization!R57 -> 1047 | H32: =Voxelization!R67 -> 1496 | I32: =Voxelization!Y67 -> 2219 | J32: =Voxelization!R77 -> 3371 | K32: =AVERAGE(C32:J32) -> 1886.1042
C55: Average percentage of correct and incorrect measurements of the volume of rectangular and cubic boxes.
D56: Pct1 | E56: Pct3 | F56: Pct5 | G56: Pct7 | H56: MAPE | I56: RMSE (L)
C57: Bounding Box | D57: =BoundingBox!R11 -> 0.06364125 | E57: =BoundingBox!R34 -> 0.128227 | F57: =BoundingBox!R54 -> 0.034780667 | G57: =BoundingBox!R74 -> 0.055640333 | H57: =BoundingBox!Q85 -> 0.020467281 | I57: =BoundingBox!S85*1000 -> 1.575356
C58: Convex Hull | D58: =ConvexHull!R10 -> 0.066232 | E58: =ConvexHull!R33 -> 0.12816833 | F58: =ConvexHull!R53 -> 0.0333815 | G58: =ConvexHull!R73 -> 0.054172333 | H58: =ConvexHull!Q84 -> 0.022679639 | I58: =ConvexHull!S84*1000 -> 1.4213688
C59: Voxelization | D59: =Voxelization!R10 -> 0.063874333 | E59: =Voxelization!R33 -> 0.12800733 | F59: =Voxelization!R53 -> 0.033699667 | G59: =Voxelization!R73 -> 0.05106 | H59: =Voxelization!Q84 -> 0.036367092 | I59: =Voxelization!S84*1000 -> 2.7586407
C62: Average percentage of correct and incorrect measurements of the volume of packages with irregular shapes.
D63: Pct2 | E63: Pct4 | F63: Pct6 (Pos1) | G63: Pct6 (Pos2) | H63: MAPE | I63: RMSE
C64: Bounding Box | D64: =BoundingBox!R24 -> 0.043492 | E64: =BoundingBox!R43 -> 0.011974333 | F64: =BoundingBox!R64 -> 0.039687333 | G64: =BoundingBox!Z64 -> 0.078424333 | H64: =BoundingBox!Q95 -> 0.16110941 | I64: =BoundingBox!S95*1000 -> 20.167394 | J64: =BoundingBox!S71 | K64: =BoundingBox!S81 | L64: =BoundingBox!O92
C65: Convex Hull | D65: =ConvexHull!R23 -> 0.034340333 | E65: =ConvexHull!R42 -> 0.01241825 | F65: =ConvexHull!R63 -> 0.083702667 | G65: =ConvexHull!Y63 -> 0.0714745 | H65: =ConvexHull!Q94 -> 0.094879093 | I65: =ConvexHull!S94*1000 -> 5.8434054 | J65: =ConvexHull!S70 | K65: =ConvexHull!S80 | L65: =ConvexHull!O91
C66: Voxelization | D66: =Voxelization!R23 -> 0.034187667 | E66: =Voxelization!R42 -> 0.012085 | F66: =Voxelization!R63 -> 0.078293667 | G66: =Voxelization!Y63 -> 0.058409667 | H66: =Voxelization!Q94 -> 0.12468737 | I66: =Voxelization!S94*1000 -> 10.756164 | J66: =Voxelization!S70 | K66: =Voxelization!S80 | L66: =Voxelization!O91
C70: RMSE of dimensions and volume calculation in regular packages
D71: Length (m) | E71: Width (m) | F71: Height (m) | G71: Top Sensor Distance (m)
C72: Bounding Box | D72: =BoundingBox!$S86 -> 0.032202484 | E72: =BoundingBox!$S87 -> 0.053691426 | F72: =BoundingBox!$S88 -> 0.035537629 | G72: =BoundingBox!$S89 -> 0.035537629
C73: Convex Hull | D73: =ConvexHull!$S85 -> 0.041567369 | E73: =ConvexHull!$S86 -> 0.057306195 | F73: =ConvexHull!$S87 -> 0.02233142 | G73: =ConvexHull!$S88 -> 0.02233142
C74: Voxelization | D74: =Voxelization!$S85 -> 0.060086743 | E74: =Voxelization!$S86 -> 0.057172983 | F74: =Voxelization!$S87 -> 0.016355427 | G74: =Voxelization!$S88 -> 0.016355427
C76: RMSE of dimensions and volume calculation in irregular packages
D77: Length (m) | E77: Width (m) | F77: Height (m) | G77: Top Sensor Distance (m)
C78: Bounding Box | D78: =BoundingBox!$S96 -> 0.11547294 | E78: =BoundingBox!$S97 -> 0.023977262 | F78: =BoundingBox!$S98 -> 0.010744978 | G78: =BoundingBox!$S99 -> 0.010744978
C79: Convex Hull | D79: =ConvexHull!$S95 -> 0.03799154 | E79: =ConvexHull!$S96 -> 0.044829837 | F79: =ConvexHull!$S97 -> 0.013296079 | G79: =ConvexHull!$S98 -> 0.013296079
C80: Voxelization | D80: =Voxelization!$S95 -> 0.044581386 | E80: =Voxelization!$S96 -> 0.077068692 | F80: =Voxelization!$S97 -> 0.01839384 | G80: =Voxelization!$S98 -> 0.01839384
C84: RMSE GENERAL
D85: Length (m) | E85: Width (m) | F85: Height (m) | G85: Top Sensor Distance (m)
C86: Bounding Box | D86: =BoundingBox!$W88 -> 0.081689198 | E86: =BoundingBox!$W89 -> 0.042720019 | F86: =BoundingBox!$W90 -> 0.027147744 | G86: =BoundingBox!$W91 -> 0.027147744
C87: Convex Hull | D87: =ConvexHull!$W87 -> 0.039753407 | E87: =ConvexHull!$W88 -> 0.051217763 | F87: =ConvexHull!$W89 -> 0.018214768 | G87: =ConvexHull!$W90 -> 0.018214768
C88: Voxelization | D88: =Voxelization!$W87 -> 0.052905182 | E88: =Voxelization!$W88 -> 0.06785401 | F88: =Voxelization!$W89 -> 0.017404501 | G88: =Voxelization!$W90 -> 0.017404501

Sheet BoundingBox
A2: Test sequence for calculating packet volume
A6: Testing with the Bounding Box Volume Estimation algorithm
A7: Note: The criterion used to identify the calculated volume as valid for rectangular and cubic boxes was that it was close to the value of the manually calculated volume.
Q8: Average dimensions
A9: Package Type | B9: Example of output from a valid test. | G9: Measurements Package 1 | O9: Manual measurement (m) | Q9: Algorithm Results | R9: averages | S9: Percentage of correct answers | T9: Difference between manual measurement and algorithmic measurement. | V9: absolute percentage error volume (APE)
A10: Package 1 | B10: Object identified with 596 points. Estimated volume of the OBB: 0.013 m³ Dimensions of the identified object: Length: 0.452 m Width: 0.312 m Height: 0.456 m Volume: 0.064272 m³ Total execution time: 0.31 seconds | F10: Tests | G10: Time | H10: Volume | I10: Number of points | J10: Length | K10: Width | L10: Height | M10: TSDs | N10: VolumePCT1 (m³) | O10: =0.485*0.275*0.495 -> 0.066020625 | Q10: Execution time (s) | R10: =G16 -> 0.3325
F11: 1 | G11: 0.38 | H11: 0.06356 | I11: 635 | J11: 0.43 | K11: 0.327 | L11: 0.452 | M11: =1.55-L11-0.1 -> 0.998 | N11: Length (m) | O11: 0.485 | Q11: Volume (m³) | R11: =H16 -> 0.06364125 | S11: =R11/O10 -> 0.96396013 | T11: =O10-R11 -> 0.002379375 | V11: =(ABS(H11-O10)/O10+ABS(H12-O10)/O10+ABS(H13-O10)/O10+ABS(H14-O10)/O10) -> 0.1441595
F12: 2 | G12: 0.31 | H12: 0.064272 | I12: 596 | J12: 0.452 | K12: 0.312 | L12: 0.456 | M12: =1.55-L12-0.1 -> 0.994 | N12: Width (m) | O12: 0.275 | Q12: Length (m) | R12: =J16 -> 0.44675 | S12: =R12/O11 -> 0.92113402 | T12: =O11-R12 -> 0.03825
F13: 3 | G13: 0.29 | H13: 0.062734 | I13: 592 | J13: 0.446 | K13: 0.301 | L13: 0.467 | M13: =1.55-L13-0.1 -> 0.983 | N13: Height (m) | O13: 0.495 | Q13: Width (m) | R13: =K16 -> 0.31225 | S13: =R13/O12 -> 1.1354545 | T13: =O12-R13 -> -0.03725
F14: 4 | G14: 0.35 | H14: 0.063999 | I14: 552 | J14: 0.459 | K14: 0.309 | L14: 0.451 | M14: =1.55-L14-0.1 -> 0.999 | N14: Top Sensor Distance (TSD) | O14: =1.55 -0.495-0.1 -> 0.955 | Q14: Height (m) | R14: =L16 -> 0.4565 | S14: =R14/O13 -> 0.92222222 | T14: =O13-R14 -> 0.0385
F15: 5 | Q15: Number of points | R15: =I16 -> 593.75
F16: average | G16: =AVERAGEA(G11:G14) -> 0.3325 | H16: =AVERAGEA(H11:H14) -> 0.06364125 | I16: =AVERAGEA(I11:I14) -> 593.75 | J16: =AVERAGEA(J11:J14) -> 0.44675 | K16: =AVERAGEA(K11:K14) -> 0.31225 | L16: =AVERAGEA(L11:L14) -> 0.4565 | M16: =AVERAGEA(M11:M14) -> 0.9935 | Q16: Top Sensor Distance (TSD) | R16: =M16 -> 0.9935 | S16: =R16/O14 -> 1.0403141 | T16: =O14-R16 -> -0.0385
F17: Accuracy % | H17: =H16/O10 -> 0.96396013 | J17: =J16/O11 -> 0.92113402 | K17: =K16/O12 -> 1.1354545 | L17: =L16/O13 -> 0.92222222 | M17: =M16/O14 -> 1.0403141
F18: Error square | H18: =SUM((H11-O10)^2,(H12-O10)^2,(H13-O10)^2,(H14-O10)^2) -> 2.4001236e-05 | J18: =SUM((J11-$O11)^2,(J12-$O11)^2,(J13-$O11)^2,(J14-$O11)^2) -> 0.006311 | K18: =SUM((K11-$O12)^2,(K12-$O12)^2,(K13-$O12)^2,(K14-$O12)^2) -> 0.005905 | L18: =SUM((L11-$O13)^2,(L12-$O13)^2,(L13-$O13)^2,(L14-$O13)^2) -> 0.00609 | M18: =SUM((M11-$O14)^2,(M12-$O14)^2,(M13-$O14)^2,(M14-$O14)^2) -> 0.00609
A20: Package Type | B20: Example of output from a valid test. | G20: Measurements Package 2
A21: Package 2 | B21: Object identified with 1199 points. Estimated volume of the OBB: 0.036 m³ Dimensions of the identified object: Length: 0.492 m Width: 0.440 m Height: 0.197 m Volume: 0.042596 m³ Total execution time: 1.35 seconds | F21: Tests | G21: Time | H21: Volume | I21: Number of points | J21: Length | K21: Width | L21: Height | M21: TSDs
F22: 1 | G22: 1.35 | H22: 0.042596 | I22: 1199 | J22: 0.492 | K22: 0.44 | L22: 0.197 | M22: =1.55-L22-0.1 -> 1.253 | O22: Manual measurement | Q22: Algorithm Results | R22: averages | S22: Percentage of correct answers | T22: Difference between manual measurement and algorithmic measurement. | V22: absolute percentage error volume (APE)
F23: 2 | G23: 0.97 | H23: 0.044388 | I23: 1177 | J23: 0.492 | K23: 0.432 | L23: 0.209 | M23: =1.55-L23-0.1 -> 1.241 | N23: PCT2 Volume (m2) | O23: =0.44*0.46*0.21 -> 0.042504 | Q23: Execution time (s) | R23: =G27 -> 1.16
F24: 3 | N24: Length (m) | O24: 0.46 | Q24: Volume (m³) | R24: =H27 -> 0.043492 | S24: =R24/O23 -> 1.0232449 | T24: =O23-R24 -> -0.000988 | V24: =(ABS(H22-O23)/O23+ABS(H23-O23)/O23) -> 0.046489742
F25: 4 | N25: Width (m) | O25: 0.44 | Q25: Length (m) | R25: =J27 -> 0.492 | S25: =R25/O24 -> 1.0695652 | T25: =O24-R25 -> -0.032
F26: 5 | N26: Height (m) | O26: 0.21 | Q26: Width (m) | R26: =K27 -> 0.436 | S26: =R26/O25 -> 0.99090909 | T26: =O25-R26 -> 0.004
F27: average | G27: =AVERAGEA(G22:G25) -> 1.16 | H27: =AVERAGEA(H22:H25) -> 0.043492 | I27: =AVERAGEA(I22:I25) -> 1188 | J27: =AVERAGEA(J22:J25) -> 0.492 | K27: =AVERAGEA(K22:K25) -> 0.436 | L27: =AVERAGEA(L22:L25) -> 0.203 | M27: =AVERAGEA(M22:M25) -> 1.247 | N27: Top Sensor Distance (TSD) | O27: =1.55-O26-0.1 -> 1.24 | Q27: Height (m) | R27: =L27 -> 0.203 | S27: =R27/O26 -> 0.96666667 | T27: =O26-R27 -> 0.007
F28: Accuracy % | H28: =H27/O23 -> 1.0232449 | J28: =J27/O24 -> 1.0695652 | K28: =K27/O25 -> 0.99090909 | L28: =L27/O26 -> 0.96666667 | M28: =M27/O27 -> 1.0056452 | Q28: Number of points | R28: =I27 -> 1188
F29: Error square | H29: =SUM((H22-$O23)^2,(H23-$O23)^2) -> 3.55792e-06 | J29: =SUM((J22-$O24)^2,(J23-$O24)^2) -> 0.002048 | K29: =SUM((K22-$O25)^2,(K23-$O25)^2) -> 6.4e-05 | L29: =SUM((L22-$O26)^2,(L23-$O26)^2) -> 0.00017 | M29: =SUM((M22-$O27)^2,(M23-$O27)^2) -> 0.00017 | Q29: Top Sensor Distance (TSD) | R29: =1.55-R27-0.1 -> 1.247 | S29: =R29/O27 -> 1.0056452 | T29: =O27-R29 -> -0.007
A31: Package Type | B31: Example of output from a valid test. | G31: Measurements Package 3
A32: Package 3 | B32: Object identified with 1194 points. Estimated volume of the OBB: 0.026 m³ Dimensions of the identified object: Length: 0.522 m Width: 0.520 m Height: 0.472 m Volume: 0.128076 m³ Total execution time: 0.64 seconds Successful attempt! Volume within standard range. | F32: Tests | G32: Time | H32: Volume | I32: Number of points | J32: Length | K32: Width | L32: Height | M32: TSDs | O32: Manual measurement | Q32: Algorithm Results | R32: averages | S32: Percentage of correct answers | T32: Difference between manual measurement and algorithmic measurement. | V32: absolute percentage error volume (APE)
F33: 1 | G33: 0.78 | H33: 0.127857 | I33: 1292 | J33: 0.522 | K33: 0.52 | L33: 0.471 | M33: =1.55-L33-0.1 -> 0.979 | N33: PCT3 Volume (m³) | O33: =0.505*0.505*0.505 -> 0.12878762 | Q33: Execution time (s) | R33: =G38 -> 0.70333333
F34: 2 | G34: 0.69 | H34: 0.128748 | I34: 1270 | J34: 0.53 | K34: 0.514 | L34: 0.473 | M34: =1.55-L34-0.1 -> 0.977 | N34: Length (m) | O34: 0.505 | Q34: Volume (m³) | R34: =H38 -> 0.128227 | S34: =R34/O33 -> 0.9956469 | T34: =O33-R34 -> 0.000560625 | V34: =(ABS(H33-O33)/O33+ABS(H34-O33)/O33+ABS(H35-O33)/O33) -> 0.01305929
F35: 3 | G35: 0.64 | H35: 0.128076 | I35: 1194 | J35: 0.522 | K35: 0.52 | L35: 0.472 | M35: =1.55-L35-0.1 -> 0.978 | N35: Width (m) | O35: 0.505 | Q35: Length (m) | R35: =J38 -> 0.52466667 | S35: =R35/O34 -> 1.0389439 | T35: =O34-R35 -> -0.019666667
F36: 4 | N36: Height (m) | O36: 0.505 | Q36: Width (m) | R36: =K38 -> 0.518 | S36: =R36/O35 -> 1.0257426 | T36: =O35-R36 -> -0.013
F37: 5 | N37: Top Sensor Distance (TSD) | O37: =1.55-O36-0.1 -> 0.945 | Q37: Height (m) | R37: =L35 -> 0.472 | S37: =R37/O36 -> 0.93465347 | T37: =O36-R37 -> 0.033
F38: average | G38: =AVERAGEA(G33:G36) -> 0.70333333 | H38: =AVERAGEA(H33:H36) -> 0.128227 | I38: =AVERAGEA(I33:I36) -> 1252 | J38: =AVERAGEA(J33:J36) -> 0.52466667 | K38: =AVERAGEA(K33:K36) -> 0.518 | L38: =AVERAGEA(L33:L36) -> 0.472 | M38: =AVERAGEA(M33:M36) -> 0.978 | Q38: Number of points | R38: =I38 -> 1252
F39: Accuracy % | H39: =H38/O33 -> 0.9956469 | J39: =J38/O34 -> 1.0389439 | K39: =K38/O35 -> 1.0257426 | L39: =L38/O36 -> 0.93465347 | M39: =M38/O37 -> 1.0349206 | Q39: Top Sensor Distance (TSD) | R39: =M38 -> 0.978 | S39: =R39/O37 -> 1.0349206 | T39: =O37-R39 -> -0.033
F40: Error square | H40: =SUM((H33-O33)^2,(H34-O33)^2,(H35-O33)^2) -> 1.3740432e-06 | J40: =SUM((J33-$O34)^2,(J34-$O34)^2,(J35-$O34)^2) -> 0.001203 | K40: =SUM((K33-$O35)^2,(K34-$O35)^2,(K35-$O35)^2) -> 0.000531 | L40: =SUM((L33-$O36)^2,(L34-$O36)^2,(L35-$O36)^2) -> 0.003269 | M40: =SUM((M33-$O37)^2,(M34-$O37)^2,(M35-$O37)^2) -> 0.003269
O41: Manual measurement | Q41: Algorithm Results | S41: Percentage of correct answers | T41: Difference between manual measurement and algorithmic measurement. | V41: absolute percentage error volume (APE)
A42: Package Type | B42: Example of output from a valid test. | G42: Measurements Package 4 | N42: PCT4 Volume (m³) | O42: =0.51*0.16*0.155 -> 0.012648 | Q42: Execution time (s) | R42: =G49 -> 0.55666667
A43: Package 4 | B43: Object identified with 427 points. Estimated volume of the OBB: 0.009 m³ Dimensions of the identified object: Length: 0.479 m Width: 0.188 m Height: 0.144 m Volume: 0.012921 m³ Total execution time: 0.65 seconds Successful attempt! Volume within standard range. | F43: Tests | G43: Time | H43: Volume | I43: Number of points | J43: Length | K43: Width | L43: Height | M43: TSDs | N43: Length (m) | O43: 0.51 | Q43: Volume (m³) | R43: =H49 -> 0.011974333 | S43: =R43/O42 -> 0.9467373 | T43: =O42-R43 -> 0.00067366667 | V43: =(ABS(H44-O42)/O42+ABS(H45-O42)/O42+ABS(H46-O42)/O42) -> 0.20295699
F44: 1 | G44: 0.45 | H44: 0.011823 | I44: 382 | J44: 0.488 | K44: 0.174 | L44: 0.14 | M44: =1.55-L44-0.1 -> 1.31 | N44: Width (m) | O44: 0.16 | Q44: Length (m) | R44: =J49 -> 0.46133333 | S44: =R44/O43 -> 0.90457516 | T44: =O43-R44 -> 0.048666667
F45: 2 | G45: 0.57 | H45: 0.011179 | I45: 386 | J45: 0.417 | K45: 0.186 | L45: 0.144 | M45: =1.55-L45-0.1 -> 1.306 | N45: Height (m) | O45: 0.155 | Q45: Width (m) | R45: =K49 -> 0.18266667 | S45: =R45/O44 -> 1.1416667 | T45: =O44-R45 -> -0.022666667
F46: 3 | G46: 0.65 | H46: 0.012921 | I46: 427 | J46: 0.479 | K46: 0.188 | L46: 0.144 | M46: =1.55-L46-0.1 -> 1.306 | N46: Top Sensor Distance (TSD) | O46: =1.55-O45-0.1 -> 1.295 | Q46: Height (m) | R46: =K49 -> 0.18266667 | S46: =R46/O45 -> 1.1784946 | T46: =O45-R46 -> -0.027666667
F47: 4 | Q47: Number of points | R47: =I49 -> 398.33333
F48: 5 | Q48: Top Sensor Distance (TSD) | R48: =M49 -> 1.3073333 | S48: =R48/O46 -> 1.0095238 | T48: =O46-R48 -> -0.012333333
F49: average | G49: =AVERAGEA(G44:G47) -> 0.55666667 | H49: =AVERAGEA(H44:H46) -> 0.011974333 | I49: =AVERAGEA(I44:I46) -> 398.33333 | J49: =AVERAGEA(J44:J46) -> 0.46133333 | K49: =AVERAGEA(K44:K46) -> 0.18266667 | L49: =AVERAGEA(L44:L46) -> 0.14266667 | M49: =AVERAGEA(M44:M46) -> 1.3073333
F50: Accuracy % | H50: =H49/O42 -> 0.9467373 | J50: =J49/O43 -> 0.90457516 | K50: =K49/O44 -> 1.1416667 | L50: =L49/O45 -> 0.92043011 | M50: =M49/O46 -> 1.0095238
F51: Error square | H51: =SUM((H44-O42)^2,(H45-O42)^2,(H46-O42)^2) -> 2.913115e-06 | J51: =SUM((J44-$O43)^2,(J45-$O43)^2,(J46-$O43)^2) -> 0.010094 | K51: =SUM((K44-$O44)^2,(K45-$O44)^2,(K46-$O44)^2) -> 0.001656 | L51: =SUM((L44-$O45)^2,(L45-$O45)^2,(L46-$O45)^2) -> 0.000467 | M51: =SUM((M44-$O46)^2,(M45-$O46)^2,(M46-$O46)^2) -> 0.000467 | O51: Manual measurement | Q51: Algorithm Results | R51: average | S51: Percentage of correct answers | T51: Difference between manual measurement and algorithmic measurement. | V51: absolute percentage error volume (APE)
A53: Package Type | B53: Example of output from a valid test. | G53: Measurements Package 5 | N53: PCT5 Volume (m³) | O53: =0.33*0.29*0.36 -> 0.034452 | Q53: Execution time (s) | R53: =G60 -> 0.28333333 | V53: =(ABS(H55-O53)/O53+ABS(H56-O53)/O53+ABS(H57-O53)/O53) -> 0.053233484
A54: Package 5 | B54: Object identified with 394 points. Estimated volume of the OBB: 0.006 m³ Dimensions of the identified object: Length: 0.330 m Width: 0.315 m Height: 0.331 m Volume: 0.034287 m³ Total execution time: 0.30 seconds Successful attempt! Volume within standard. | F54: Tests | G54: Time | H54: Volume | I54: Number of points | J54: Length | K54: Width | L54: Height | M54: TSDs | N54: Length (m) | O54: 0.33 | Q54: Volume (m³) | R54: =H60 -> 0.034780667 | S54: =R54/O53 -> 1.0095398 | T54: =O53-R54 -> -0.00032866667 | U54: =abs(O53-H60) -> 0.00032866667
F55: 1 | G55: 0.26 | H55: 0.034193 | I55: 418 | J55: 0.341 | K55: 0.313 | L55: 0.32 | M55: =1.55-L55-0.1 -> 1.13 | N55: Width (m) | O55: 0.29 | Q55: Length (m) | R55: =J60 -> 0.34066667 | S55: =R55/O54 -> 1.0323232 | T55: =O54-R55 -> -0.010666667
F56: 2 | G56: 0.3 | H56: 0.034287 | I56: 394 | J56: 0.33 | K56: 0.315 | L56: 0.331 | M56: =1.55-L56-0.1 -> 1.119 | N56: Height (m) | O56: 0.36 | Q56: Width (m) | R56: =K60 -> 0.312 | S56: =R56/O55 -> 1.0758621 | T56: =O55-R56 -> -0.022
F57: 3 | G57: 0.29 | H57: 0.035862 | I57: 407 | J57: 0.351 | K57: 0.308 | L57: 0.332 | M57: =1.55-L57-0.1 -> 1.118 | N57: Top Sensor Distance (TSD) | O57: =1.55-O56-0.1 -> 1.09 | Q57: Height (m) | R57: =L60 -> 0.32766667 | S57: =R57/O56 -> 0.91018519 | T57: =O56-R57 -> 0.032333333
F58: 4 | Q58: Number of points | R58: =I60 -> 406.33333
F59: 5 | Q59: Top Sensor Distance (TSD) | R59: =M60 -> 1.1223333 | S59: =R59/O57 -> 1.0296636 | T59: =O57-R59 -> -0.032333333
F60: average | G60: =AVERAGEA(G55:G58) -> 0.28333333 | H60: =AVERAGEA(H55:H58) -> 0.034780667 | I60: =AVERAGEA(I55:I57) -> 406.33333 | J60: =AVERAGEA(J55:J57) -> 0.34066667 | K60: =AVERAGEA(K55:K57) -> 0.312 | L60: =AVERAGEA(L55:L57) -> 0.32766667 | M60: =AVERAGEA(M55:M57) -> 1.1223333
F61: Accuracy % | H61: =H60/O53 -> 1.0095398 | J61: =J60/O54 -> 1.0323232 | K61: =K60/O55 -> 1.0758621 | L61: =L60/O56 -> 0.91018519 | M61: =M60/O57 -> 1.0296636 | N61: Package 6 in position 1 (Vertical as in the photo) | V61: Package 6 in position 2 (Horizontal, opposite of the photo) | AH61: Measurements Position 1 Package 6 | AK61: APE | AL61: =(ABS(AI63-O63)/O63+ABS(AI64-O63)/O63+ABS(AI65-O63)/O63) -> 1.4781443 | AQ61: Measurements Position 2 Package 6 | AT61: APE | AU61: =(ABS(AR63-O63)/O63+ABS(AR64-O63)/O63+ABS(AR65-O63)/O63) -> 0.044612528
F62: Error square | H62: =SUM((H55-O53)^2,(H56-O53)^2,(H57-O53)^2) -> 2.082406e-06 | J62: =SUM((J55-$O54)^2,(J56-$O54)^2,(J57-$O54)^2) -> 0.000562 | K62: =SUM((K55-$O55)^2,(K56-$O55)^2,(K57-$O55)^2) -> 0.001478 | L62: =SUM((L55-$O56)^2,(L56-$O56)^2,(L57-$O56)^2) -> 0.003225 | M62: =SUM((M55-$O57)^2,(M56-$O57)^2,(M57-$O57)^2) -> 0.003225 | O62: Manual measurement | Q62: Algorithm Results | R62: average | S62: Percentage of correct answers | T62: Difference between manual measurement and algorithmic measurement. | V62: Package divided into two parts. | W62: Manual measurement | Y62: Algorithm Results | AA62: Percentage of correct answers | AC62: Difference between manual measurement and algorithmic measurement. | AG62: Tests | AH62: Time | AI62: Volume | AJ62: Number of points | AK62: Length | AL62: Width | AM62: Height | AN62: STDs | AP62: Tests | AQ62: Time | AR62: Volume | AS62: Number of points | AT62: Length | AU62: Width | AV62: Height | AW62: STDs
A63: Package Type | B63: Example of output from a valid test.(Position1) | F63: Package Type | G63: Example of output from a valid test. (Position 2) | N63: PCT6 Volume (m³) | O63: =0.495*0.29*0.545 -> 0.07823475 | Q63: Execution time (s) | R63: =AH68 -> 0.32666667 | V63: PCT6 Volume (m³) - Larger Part | W63: 0.044225 | Y63: Execution time (s) | Z63: =AQ68 -> 0.73333333 | AG63: 1 | AH63: 0.48 | AI63: 0.039513 | AJ63: 431 | AK63: 0.288 | AL63: 0.255 | AM63: 0.538 | AN63: =1.55-AM63-0.1 -> 0.912 | AP63: 1 | AQ63: 0.64 | AR63: 0.078533 | AS63: 911 | AT63: 0.553 | AU63: 0.511 | AV63: 0.278 | AW63: =1.55-AV63-0.1 -> 1.172
A64: Package 6 | B64: Object identified with 275 points. Estimated volume of the OBB: 0.007 m³ Dimensions of the identified object: Length: 0.275 m Width: 0.258 m Height: 0.539 m Volume: 0.038272 m³ Total execution time: 0.19 seconds Successful attempt! Volume within the standard. | F64: Package 6 | G64: Object identified with 1059 points. Estimated volume of the OBB: 0.019 m³ Dimensions of the identified object: Length: 0.529 m Width: 0.529 m Height: 0.279 m Volume: 0.078069 m³ Total execution time: 0.86 seconds Successful attempt! Volume within the standard. | N64: Length (m) | O64: 0.495 | Q64: Volume (m³) | R64: =AI68 -> 0.039687333 | S64: =R64/O63 -> 0.50728523 | T64: =O63-R64 -> 0.038547417 | V64: PCT6 Volume (m³) - Smaller Part | W64: 0.01439375 | Y64: Volume (m³) | Z64: =AR68 -> 0.078424333 | AA64: =Z64/O63 -> 1.0024233 | AC64: =Z64-W65 -> 0.019805583 | AG64: 2 | AH64: 0.19 | AI64: 0.038272 | AJ64: 275 | AK64: 0.275 | AL64: 0.258 | AM64: 0.539 | AN64: =1.55-AM64-0.1 -> 0.911 | AP64: 2 | AQ64: 0.74 | AR64: 0.079966 | AS64: 948 | AT64: 0.554 | AU64: 0.524 | AV64: 0.276 | AW64: =1.55-AV64-0.1 -> 1.174
N65: Width (m) | O65: 0.29 | Q65: Length (m) | R65: =AK68 -> 0.28366667 | S65: =R65/O64 -> 0.57306397 | T65: =O64-R65 -> 0.21133333 | V65: Total Volume - Sum of the parts | W65: 0.05861875 | Y65: Length (m) | Z65: =AT68 -> 0.545 | AA65: =Z65/W66 -> 1 | AC65: =Z65-W66 -> 0 | AG65: 3 | AH65: 0.31 | AI65: 0.041277 | AJ65: 345 | AK65: 0.288 | AL65: 0.267 | AM65: 0.537 | AN65: =1.55-AM65-0.1 -> 0.913 | AP65: 3 | AQ65: 0.82 | AR65: 0.076774 | AS65: 974 | AT65: 0.528 | AU65: 0.522 | AV65: 0.278 | AW65: =1.55-AV65-0.1 -> 1.172
N66: Height (m) | O66: 0.545 | Q66: Width (m) | R66: =AL68 -> 0.26 | S66: =R66/O65 -> 0.89655172 | T66: =O65-R66 -> 0.03 | V66: Package length 6 at position 2 | W66: 0.545 | Y66: Width (m) | Z66: =AU68 -> 0.519 | AA66: =Z66/W67 -> 1.0484848 | AC66: =Z66-W67 -> 0.024 | AG66: 4 | AP66: 4
N67: Top Sensor Distance (TSD) | O67: =1.55-O66-0.1 -> 0.905 | Q67: Height (m) | R67: =AM68 -> 0.538 | S67: =R67/O66 -> 0.98715596 | T67: =O66-R67 -> 0.007 | V67: Package width 6 at position 2 | W67: 0.495 | Y67: Height (m) | Z67: =AV68 -> 0.27733333 | AA67: =Z67/W68 -> 0.95632184 | AC67: =Z67-W68 -> -0.012666667 | AG67: 5 | AP67: 5
Q68: Number of points | R68: =AJ68 -> 350.33333 | V68: Package height 6 in position 2 | W68: 0.29 | Y68: Number of points | Z68: =AS68 -> 944.33333 | AG68: average | AH68: =AVERAGEA(AH63:AH66) -> 0.32666667 | AI68: =AVERAGEA(AI63:AI65) -> 0.039687333 | AJ68: =AVERAGEA(AJ63:AJ65) -> 350.33333 | AK68: =AVERAGEA(AK63:AK65) -> 0.28366667 | AL68: =AVERAGEA(AL63:AL65) -> 0.26 | AM68: =AVERAGEA(AM63:AM65) -> 0.538 | AN68: =AVERAGEA(AN63:AN65) -> 0.912 | AP68: average | AQ68: =AVERAGEA(AQ63:AQ66) -> 0.73333333 | AR68: =AVERAGEA(AR63:AR66) -> 0.078424333 | AS68: =AVERAGEA(AS63:AS65) -> 944.33333 | AT68: =AVERAGEA(AT63:AT65) -> 0.545 | AU68: =AVERAGEA(AU63:AU65) -> 0.519 | AV68: =AVERAGEA(AV63:AV65) -> 0.27733333 | AW68: =AVERAGEA(AW63:AW65) -> 1.1726667
Q69: Top Sensor Distance (TSD) | R69: =AN68 -> 0.912 | S69: =R69/O67 -> 1.0077348 | T69: =O67-R69 -> -0.007 | V69: Top Sensor Distance (TSD) | W69: =1.55-W68-0.1 -> 1.16 | Y69: Top Sensor Distance (TSD) | Z69: =AW68 -> 1.1726667 | AA69: =Z69/W69 -> 1.0109195 | AC69: =W69-Z69 -> -0.012666667 | AI69: =AI68/O63 -> 0.50728523 | AP69: Accuracy % | AR69: =AR68/O63 -> 1.0024233
Z70: Package 6 | AA70: Position 1 | AB70: Position 2 | AG70: Accuracy % | AI70: =AI68/W65 -> 0.67704162 | AK70: =AK68/O64 -> 0.57306397 | AL70: =AL68/O65 -> 0.89655172 | AM70: =AM68/O66 -> 0.98715596 | AN70: =AN68/O67 -> 1.0077348 | AR70: =AR68/W65 -> 1.3378711 | AT70: =AT68/W66 -> 1 | AU70: =AU68/W67 -> 1.0484848 | AV70: =AV68/W68 -> 0.95632184 | AW70: =AW68/W69 -> 1.0109195
Y71: Regarding the separate volume | AA71: =R64/W65 -> 0.67704162 | AB71: =Z64/W65 -> 1.3378711 | AG71: Error square | AI71: =SUM((AI63-$O63)^2,(AI64-$O63)^2,(AI65-$O63)^2) -> 0.0044622706 | AK71: =SUM((AK63-$O64)^2,(AK64-$O64)^2,(AK65-$O64)^2) -> 0.134098 | AL71: =SUM((AL63-$O65)^2,(AL64-$O65)^2,(AL65-$O65)^2) -> 0.002778 | AM71: =SUM((AM63-$O66)^2,(AM64-$O66)^2,(AM65-$O66)^2) -> 0.000149 | AN71: =SUM((AN63-$O67)^2,(AN64-$O67)^2,(AN65-$O67)^2) -> 0.000149 | AP71: Error square | AR71: =SUM((AR63-$O63)^2,(AR64-$O63)^2,(AR65-$O63)^2) -> 5.2199702e-06 | AT71: =SUM((AT63-$W66)^2,(AT64-$W66)^2,(AT65-$W66)^2) -> 0.000434 | AU71: =SUM((AU63-$W67)^2,(AU64-$W67)^2,(AU65-$W67)^2) -> 0.001826 | AV71: =SUM((AV63-$W68)^2,(AV64-$W68)^2,(AV65-$W68)^2) -> 0.000484 | AW71: =SUM((AW63-$W69)^2,(AW64-$W69)^2,(AW65-$W69)^2) -> 0.000484
O72: Manual measurement | Q72: Algorithm Results | S72: Percentage of correct answers | T72: Difference between manual measurement and algorithmic measurement. | V72: absolute percentage error volume (APE) | Y72: MAPE
A73: Package Type | B73: Example of output from a valid test. | G73: Measurements Package 7 | N73: PCT7 Volume (m³) | O73: =0.815*0.415*0.165 -> 0.055807125 | Q73: Execution time (s) | R73: =G80 -> 1.8866667
A74: Package 7 | B74: Object identified with 1979 points. Estimated volume of the OBB: 0.032 m³ Dimensions of the identified object: Length: 0.843 m Width: 0.471 m Height: 0.136 m Volume: 0.054044 m³ Total execution time: 1.63 seconds | F74: Tests | G74: Time | H74: Volume | I74: Number of points | J74: Length | K74: Width | L74: Height | M74: TSDs | N74: Length (m) | O74: 0.815 | Q74: Volume (m³) | R74: =H80 -> 0.055640333 | S74: =R74/O73 -> 0.99701128 | T74: =O73-R74 -> 0.00016679167 | V74: =(ABS(H75-O73)/O73+ABS(H76-O73)/O73+ABS(H77-O73)/O73) -> 0.055622378
F75: 1 | G75: 1.27 | H75: 0.057109 | I75: 1878 | J75: 0.845 | K75: 0.57 | L75: 0.118 | M75: =1.55-L75-0.1 -> 1.332 | N75: Width (m) | O75: 0.415 | Q75: Length (m) | R75: =J80 -> 0.85466667 | S75: =R75/O74 -> 1.0486708 | T75: =O74-R75 -> -0.039666667
F76: 2 | G76: 2.76 | H76: 0.055768 | I76: 2603 | J76: 0.876 | K76: 0.464 | L76: 0.137 | M76: =1.55-L76-0.1 -> 1.313 | N76: Height (m) | O76: 0.165 | Q76: Width (m) | R76: =K80 -> 0.50166667 | S76: =R76/O75 -> 1.2088353 | T76: =O75-R76 -> -0.086666667
F77: 3 | G77: 1.63 | H77: 0.054044 | I77: 1979 | J77: 0.843 | K77: 0.471 | L77: 0.136 | M77: =1.55-L77-0.1 -> 1.314 | N77: Top Sensor Distance (TSD) | O77: =1.55-O76-0.1 -> 1.285 | Q77: Height (m) | R77: =L80 -> 0.13033333 | S77: =R77/O76 -> 0.78989899 | T77: =O76-R77 -> 0.034666667
F78: 4 | Q78: Number of points | R78: =I80 -> 2153.3333
F79: 5 | Q79: Top Sensor Distance (TSD) | R79: =M80 -> 1.3196667 | S79: =R79/O77 -> 1.026978 | T79: =O77-R79 -> -0.034666667
F80: average | G80: =AVERAGEA(G75:G78) -> 1.8866667 | H80: =AVERAGEA(H75:H78) -> 0.055640333 | I80: =AVERAGEA(I75:I77) -> 2153.3333 | J80: =AVERAGEA(J75:J77) -> 0.85466667 | K80: =AVERAGEA(K75:K77) -> 0.50166667 | L80: =AVERAGEA(L75:L77) -> 0.13033333 | M80: =AVERAGEA(M75:M77) -> 1.3196667
F81: Accuracy % | H81: =H80/O73 -> 0.99701128 | J81: =J80/O74 -> 1.0486708 | K81: =K80/O75 -> 1.2088353 | L81: =L80/O76 -> 0.78989899 | N81: Regular Packs (Pack 1, Pack 3, Pack 5, Pack 7) - Rectangular and cubic boxes
F82: Error square | H82: =SUM((H75-O73)^2,(H76-O73)^2,(H77-O73)^2) -> 4.805019e-06 | J82: =SUM((J75-$O74)^2,(J76-$O74)^2,(J77-$O74)^2) -> 0.005405 | K82: =SUM((K75-$O75)^2,(K76-$O75)^2,(K77-$O75)^2) -> 0.029562 | L82: =SUM((L75-$O76)^2,(L76-$O76)^2,(L77-$O76)^2) -> 0.003834 | M82: =SUM((M75-$O77)^2,(M76-$O77)^2,(M77-$O77)^2) -> 0.003834 | N82: Statistical analysis of average data | P82: Difference between manual measurement and measurement by algorithm
N83: Execution time | O83: =AVERAGE(R10,R33,R53,R73) -> 0.80145833 | Q83: MAPE | S83: RMSE | W83: OVERALL
N84: Number of points | O84: =AVERAGE(R15,R38,R58,R78) -> 1101.3542 | T84: Overall average across all tests | U84: Difference between manual measurement and measurement by algorithm | W84: RMSE | X84: MAPE
N85: Average number of hits Volume | O85: =AVERAGE(S11,S34,S54,S74) -> 0.99153954 | P85: =AVERAGE(T11,T34,T54,T74) -> 0.00069453125 | Q85: =(V11+V34+V53+V74)/13 -> 0.020467281 | S85: =SQRT(SUM(H18,H40,H62,H82)/13) -> 0.001575356 | T85: Execution time | U85: =AVERAGE(O83,O93) -> 0.7478125
N86: Average of hits Length | O86: =AVERAGE(S12,S35,S55,S75) -> 1.010268 | P86: =AVERAGE(T12,T35,T55,T75) -> -0.0079375 | S86: =SQRT(SUM(J18,J40,J62,J82)/13) -> 0.032202484 | T86: Number of points | U86: =AVERAGE(O84,O94) -> 910.80208
N87: Average number of hits Width | O87: =AVERAGE(S13,S36,S56,S76) -> 1.1114736 | P87: =AVERAGE(T13,T36,T56,T76) -> -0.039729167 | S87: =SQRT(SUM(K18,K40,K62,K82)/13) -> 0.053691426 | T87: Average number of hits Volume | U87: =AVERAGE(O85,O95) -> 0.9307311 | V87: =AVERAGE(P85,P95) -> 0.007602099 | W87: =SQRT(SUM(H18,H29,H40,H51,H62,AI71,AR71,H82)/24) -> 0.013702531 | X87: =(V11+V34+V53+V74+V24+V43+AL61+AU61)/24 -> 0.084928259
N88: Average number of correct answers Height | O88: =AVERAGE(S14,S37,S57,S77) -> 0.88923997 | P88: =AVERAGE(T14,T37,T57,T77) -> 0.034625 | S88: =SQRT(SUM(L18,L40,L62,L82)/13) -> 0.035537629 | T88: Average of hits Length | U88: =AVERAGE(O86,O96) -> 0.94853453 | V88: =AVERAGE(P86,P96) -> 0.02453125 | W88: =SQRT(SUM(J18,J29,J40,J51,J62,AK71,AT71,J82)/24) -> 0.081689198
N89: Average of correct answers DST | O89: =AVERAGE(S16,S39,S59,S79) -> 1.0329691 | P89: =AVERAGE(T16,T39,T59,T79) -> -0.034625 | S89: =SQRT(SUM(M18,M40,M62,M82)/13) -> 0.035537629 | T89: Average number of hits Width | U89: =AVERAGE(O87,O97) -> 1.0654384 | V89: =AVERAGE(P87,P97) -> -0.015447917 | W89: =SQRT(SUM(K18,K29,K40,K51,K62,AL71,AU71,K82)/24) -> 0.042720019
T90: Average number of correct answers Height | U90: =AVERAGE(O88,O98) -> 0.95569987 | V90: =AVERAGE(P88,P98) -> 0.014020833 | W90: =SQRT(SUM(L18,L29,L40,L51,L62,AM71,AV71,L82)/24) -> 0.027147744
N91: Irregular Packages (Package 2, Pack 4, Pack 6_P1, Pack 6_P2) - Garment bag, cylinder and L-shaped box) | T91: Average of correct answers DST | U91: =AVERAGEA(O89,O99) -> 1.0207125 | V91: =AVERAGEA(P89,P99) -> -0.0221875 | W91: =SQRT(SUM(M18,M29,M40,M51,M62,AN71,AW71,M82)/24) -> 0.027147744
N92: Statistical analysis of average data | P92: Difference between manual measurement and measurement by algorithm
N93: Execution time | O93: =AVERAGE(R23,R42,R63,Z63) -> 0.69416667 | Q93: MAPE | S93: RMSE
N94: Number of points | O94: =AVERAGE(R28,R47,R68,Z68) -> 720.25
N95: Average number of hits Volume | O95: =AVERAGE(S24,S43,S64,AA64) -> 0.86992267 | P95: =AVERAGE(T24,T43,T64,AC64) -> 0.014509667 | Q95: =(V24+V43+AL61+AU61)/11 -> 0.16110941 | S95: =SQRT(SUM(H29,H51,AI71,AR71)/11) -> 0.020167394
N96: Average of hits Length | O96: =AVERAGE(S25,S44,S65,AA65) -> 0.88680109 | P96: =AVERAGE(T25,T44,T65,AC65) -> 0.057 | S96: =SQRT(SUM(J29,J51,AK71,AT71)/11) -> 0.11547294
N97: Average number of hits Width | O97: =AVERAGE(S26,S45,S66,AA66) -> 1.0194031 | P97: =AVERAGE(T26,T45,T66,AC66) -> 0.0088333333 | S97: =SQRT(SUM(K29,K51,AL71,AU71)/11) -> 0.023977262
N98: Average number of correct answers Height | O98: =AVERAGE(S27,S46,S67,AA67) -> 1.0221598 | P98: =AVERAGE(T27,T46,T67,AC67) -> -0.0065833333 | S98: =SQRT(SUM(L29,L51,AM71,AV71)/11) -> 0.010744978
N99: Average of correct answers DST | O99: =AVERAGE(S29,S48,S69,AA69) -> 1.0084558 | P99: =AVERAGE(T29,T48,T69,AC69) -> -0.00975 | S99: =SQRT(SUM(M29,M51,AN71,AW71)/11) -> 0.010744978

Sheet ConvexHull
A2: Test sequence for calculating packet volume
A6: Testing with the Convex Hull Volume Estimation algorithm
A8: Package Type | B8: Example of output from a valid test. | G8: Measurements Package 1 | O8: Manual measurement (m) | Q8: Algorithm Results | R8: averages | S8: Percentage of correct answers | T8: Difference between manual measurement and algorithmic measurement. | V8: absolute percentage error volume (APE)
A9: Package 1 | B9: Starting detection of the complete object with ConvexHull... 1 cluster found. Object identified with 712 points. Total execution time: 0.50 seconds Object dimensions: Length: 0.489 m | Width: 0.301 m | Height: 0.498 m Dimensions (Convex Hull): Base area: 0.130 m² | Height: 0.498 m Total volume: 0.064924 m³ | F9: Tests | G9: Time | H9: Volume | I9: Number of points | J9: Length | K9: Width | L9: Height | M9: TSD | N9: VolumePCT1 (m³) | O9: =0.485*0.275*0.495 -> 0.066020625 | Q9: Execution time (s) | R9: =G15 -> 0.53
F10: 1 | G10: 0.5 | H10: 0.064924 | I10: 712 | J10: 0.489 | K10: 0.301 | L10: 0.498 | M10: =1.55-L10-0.1 -> 0.952 | N10: Length (m) | O10: 0.485 | Q10: Volume (m³) | R10: =H15 -> 0.066232 | S10: =R10/O9 -> 1.0032017 | T10: =O9-R10 -> -0.000211375 | V10: =(ABS(H10-O9)/O9+ABS(H11-O9)/O9+ABS(H12-O9)/O9) -> 0.04781271
F11: 2 | G11: 0.54 | H11: 0.067916 | I11: 731 | J11: 0.511 | K11: 0.308 | L11: 0.498 | M11: =1.55-L11-0.1 -> 0.952 | N11: Width (m) | O11: 0.275 | Q11: Length (m) | R11: =J15 -> 0.49866667 | S11: =R11/O10 -> 1.0281787 | T11: =O10-R11 -> -0.013666667
F12: 3 | G12: 0.55 | H12: 0.065856 | I12: 729 | J12: 0.496 | K12: 0.308 | L12: 0.499 | M12: =1.55-L12-0.1 -> 0.951 | N12: Height (m) | O12: 0.495 | Q12: Width (m) | R12: =K15 -> 0.30566667 | S12: =R12/O11 -> 1.1115152 | T12: =O11-R12 -> -0.030666667
F13: 4 | N13: Top Sensor Distance (TSD) | O13: =1.55-O12-0.1 -> 0.955 | Q13: Height (m) | R13: =L15 -> 0.49833333 | S13: =R13/O12 -> 1.006734 | T13: =O12-R13 -> -0.0033333333
F14: 5 | Q14: Number of points | R14: =I15 -> 724
F15: average | G15: =AVERAGEA(G10:G13) -> 0.53 | H15: =AVERAGEA(H10:H13) -> 0.066232 | I15: =AVERAGEA(I10:I13) -> 724 | J15: =AVERAGEA(J10:J13) -> 0.49866667 | K15: =AVERAGEA(K10:K13) -> 0.30566667 | L15: =AVERAGEA(L10:L13) -> 0.49833333 | M15: =AVERAGEA(M10:M13) -> 0.95166667 | Q15: Top Sensor Distance (TSD) | R15: =M15 -> 0.95166667 | S15: =R15/O13 -> 0.9965096 | T15: =O13-R15 -> 0.0033333333
F16: Accuracy % | H16: =H15/O9 -> 1.0032017 | J16: =J15/O10 -> 1.0281787 | K16: =K15/O11 -> 1.1115152 | L16: =L15/O12 -> 1.006734 | M16: =M15/O13 -> 0.9965096
F17: Error square | H17: =SUM((H10-O9)^2,(H11-O9)^2,(H12-O9)^2) -> 4.8221342e-06 | J17: =SUM((J10-$O10)^2,(J11-$O10)^2,(J12-$O10)^2) -> 0.000813 | K17: =SUM((K10-$O11)^2,(K11-$O11)^2,(K12-$O11)^2) -> 0.002854 | L17: =SUM((L10-$O12)^2,(L11-$O12)^2,(L12-$O12)^2) -> 3.4e-05 | M17: =SUM((M10-$O13)^2,(M11-$O13)^2,(M12-$O13)^2) -> 3.4e-05
A19: Package Type | B19: Example of output from a valid test. | G19: Measurements Package 1
A20: Package 2 | B20: Object identified with 1102 points. Total execution time: 1.05 seconds Object dimensions: Length: 0.476 m | Width: 0.434 m | Height: 0.192 m Dimensions (Convex Hull): Base area: 0.181 m² | Height: 0.192 m Total volume: 0.034646 m³ | F20: Tests | G20: Time | H20: Volume | I20: Number of points | J20: Length | K20: Width | L20: Height | M20: TSD
F21: 1 | G21: 1.05 | H21: 0.034102 | I21: 1139 | J21: 0.48 | K21: 0.431 | L21: 0.192 | M21: =1.55-L21-0.1 -> 1.258 | O21: Manual measurement | Q21: Algorithm Results | R21: averages | S21: Percentage of correct answers | T21: Difference between manual measurement and algorithmic measurement. | V21: absolute percentage error volume (APE)
F22: 2 | G22: 1.04 | H22: 0.034273 | I22: 1141 | J22: 0.473 | K22: 0.434 | L22: 0.19 | M22: =1.55-L22-0.1 -> 1.26 | N22: PCT2 Volume (m2) | O22: =0.44*0.46*0.21 -> 0.042504 | Q22: Execution time (s) | R22: =G26 -> 1.0466667
F23: 3 | G23: 1.05 | H23: 0.034646 | I23: 1102 | J23: 0.476 | K23: 0.434 | L23: 0.192 | M23: =1.55-L23-0.1 -> 1.258 | N23: Length (m) | O23: 0.46 | Q23: Volume (m³) | R23: =H26 -> 0.034340333 | S23: =R23/O22 -> 0.8079318 | T23: =O22-R23 -> 0.0081636667 | V23: =(ABS(H21-O22)/O22+ABS(H22-O22)/O22+ABS(H23-O22)/O22) -> 0.57620459
F24: 4 | N24: Width (m) | O24: 0.44 | Q24: Length (m) | R24: =J26 -> 0.47633333 | S24: =R24/O23 -> 1.0355072 | T24: =O23-R24 -> -0.016333333
F25: 5 | N25: Height (m) | O25: 0.21 | Q25: Width (m) | R25: =K26 -> 0.433 | S25: =R25/O24 -> 0.98409091 | T25: =O24-R25 -> 0.007
F26: average | G26: =AVERAGEA(G21:G24) -> 1.0466667 | H26: =AVERAGEA(H21:H24) -> 0.034340333 | I26: =AVERAGEA(I21:I24) -> 1127.3333 | J26: =AVERAGEA(J21:J24) -> 0.47633333 | K26: =AVERAGEA(K21:K24) -> 0.433 | L26: =AVERAGEA(L21:L24) -> 0.19133333 | M26: =AVERAGEA(M21:M24) -> 1.2586667 | N26: Top Sensor Distance (TSD) | O26: =1.55-O25-0.1 -> 1.24 | Q26: Height (m) | R26: =L26 -> 0.19133333 | S26: =R26/O25 -> 0.91111111 | T26: =O25-R26 -> 0.018666667
F27: Accuracy % | H27: =H26/O22 -> 0.8079318 | J27: =J26/O23 -> 1.0355072 | K27: =K26/O24 -> 0.98409091 | L27: =L26/O25 -> 0.91111111 | M27: =M26/O26 -> 1.0150538 | Q27: Number of points | R27: =I26 -> 1127.3333
F28: Error square | H28: =SUM((H21-$O22)^2,(H22-$O22)^2,(H23-$O22)^2) -> 0.00020009113 | J28: =SUM((J21-$O23)^2,(J22-$O23)^2,(J23-$O23)^2) -> 0.000825 | K28: =SUM((K21-$O24)^2,(K22-$O24)^2,(K23-$O24)^2) -> 0.000153 | L28: =SUM((L21-$O25)^2,(L22-$O25)^2,(L23-$O25)^2) -> 0.001048 | M28: =SUM((M21-$O26)^2,(M22-$O26)^2,(M23-$O26)^2) -> 0.001048 | Q28: Top Sensor Distance (TSD) | R28: =M26 -> 1.2586667 | S28: =R28/O26 -> 1.0150538 | T28: =O26-R28 -> -0.018666667
A30: Package Type | B30: Example of output from a valid test. | G30: Measurements Package 1
A31: Package 3 | B31: 1 cluster found. Object identified with 1332 points. Total execution time: 0.72 seconds Object dimensions: Length: 0.528 m | Width: 0.519 m | Height: 0.494 m Dimensions (Convex Hull): Base area: 0.258 m² | Height: 0.494 m Total volume: 0.127569 m³ Successful attempt! Volume within the standard. | F31: Tests | G31: Time | H31: Volume | I31: Number of points | J31: Length | K31: Width | L31: Height | M31: TSD | O31: Manual measurement | Q31: Algorithm Results | R31: averages | S31: Percentage of correct answers | T31: Difference between manual measurement and algorithmic measurement. | V31: absolute percentage error volume (APE)
F32: 1 | G32: 0.88 | H32: 0.126833 | I32: 1374 | J32: 0.53 | K32: 0.526 | L32: 0.495 | M32: =1.55-L32-0.1 -> 0.955 | N32: PCT3 Volume (m³) | O32: =0.505*0.505*0.505 -> 0.12878762 | Q32: Execution time (s) | R32: =G37 -> 0.80666667
F33: 2 | G33: 0.82 | H33: 0.130103 | I33: 1436 | J33: 0.536 | K33: 0.534 | L33: 0.494 | M33: =1.55-L33-0.1 -> 0.956 | N33: Length (m) | O33: 0.505 | Q33: Volume (m³) | R33: =H37 -> 0.12816833 | S33: =R33/O32 -> 0.99519137 | T33: =O32-R33 -> 0.00061929167 | V33: =(ABS(H32-O32)/O32+ABS(H33-O32)/O32+ABS(H34-O32)/O32) -> 0.034852922
F34: 3 | G34: 0.72 | H34: 0.127569 | I34: 1332 | J34: 0.528 | K34: 0.519 | L34: 0.494 | M34: =1.55-L34-0.1 -> 0.956 | N34: Width (m) | O34: 0.505 | Q34: Length (m) | R34: =J37 -> 0.53133333 | S34: =R34/O33 -> 1.0521452 | T34: =O33-R34 -> -0.026333333
F35: 4 | N35: Height (m) | O35: 0.505 | Q35: Width (m) | R35: =K37 -> 0.52633333 | S35: =R35/O34 -> 1.0422442 | T35: =O34-R35 -> -0.021333333
F36: 5 | N36: Top Sensor Distance (TSD) | O36: =1.55-O35-0.1 -> 0.945 | Q36: Height (m) | R36: =L37 -> 0.49433333 | S36: =R36/O35 -> 0.97887789 | T36: =O35-R36 -> 0.010666667
F37: average | G37: =AVERAGEA(G32:G35) -> 0.80666667 | H37: =AVERAGEA(H32:H35) -> 0.12816833 | I37: =AVERAGEA(I32:I35) -> 1380.6667 | J37: =AVERAGEA(J32:J35) -> 0.53133333 | K37: =AVERAGEA(K32:K35) -> 0.52633333 | L37: =AVERAGEA(L32:L35) -> 0.49433333 | M37: =AVERAGEA(M32:M35) -> 0.95566667 | Q37: Number of points | R37: =I37 -> 1380.6667
F38: Accuracy % | H38: =H37/O32 -> 0.99519137 | J38: =J37/O33 -> 1.0521452 | K38: =K37/O34 -> 1.0422442 | L38: =L37/O35 -> 0.97887789 | M38: =M37/O36 -> 1.0112875 | Q38: Top Sensor Distance (TSD) | R38: =M37 -> 0.95566667 | S38: =R38/O36 -> 1.0112875 | T38: =O36-R38 -> -0.010666667
F39: Error square | H39: =SUM((H32-O32)^2,(H33-O32)^2,(H34-O32)^2) -> 7.0358172e-06 | J39: =SUM((J32-$O33)^2,(J33-$O33)^2,(J34-$O33)^2) -> 0.002115 | K39: =SUM((K32-$O34)^2,(K33-$O34)^2,(K34-$O34)^2) -> 0.001478 | L39: =SUM((L32-$O35)^2,(L33-$O35)^2,(L34-$O35)^2) -> 0.000342 | M39: =SUM((M32-$O36)^2,(M33-$O36)^2,(M34-$O36)^2) -> 0.000342
O40: Manual measurement | Q40: Algorithm Results | R40: averages | S40: Percentage of correct answers | T40: Difference between manual measurement and algorithmic measurement. | V40: absolute percentage error volume (APE)
A41: Package Type | B41: Example of output from a valid test. | G41: Measurements Package 1 | N41: PCT4 Volume (m³) | O41: =0.51*0.16*0.155 -> 0.012648 | Q41: Execution time (s) | R41: =G48 -> 0.65
A42: Package 4 | B42: Object identified with 424 points. Total execution time: 0.57 seconds Object dimensions: Length: 0.523 m | Width: 0.189 m | Height: 0.145 m Dimensions (Convex Hull): Base area: 0.081 m² | Height: 0.145 m Total volume: 0.011683 m³ Successful attempt! Volume within the standard. | F42: Tests | G42: Time | H42: Volume | I42: Number of points | J42: Length | K42: Width | L42: Height | M42: TSD | N42: Length (m) | O42: 0.51 | Q42: Volume (m³) | R42: =H48 -> 0.01241825 | S42: =R42/O41 -> 0.98183507 | T42: =O41-R42 -> 0.00022975 | V42: =(ABS(H43-O41)/O41+ABS(H44-O41)/O41+ABS(H45-O41)/O41+ABS(H46-O41)/O41) -> 0.19679001
F43: 1 | G43: 0.57 | H43: 0.013433 | I43: 455 | J43: 0.449 | K43: 0.266 | L43: 0.144 | M43: =1.55-L43-0.1 -> 1.306 | N43: Width (m) | O43: 0.16 | Q43: Length (m) | R43: =J48 -> 0.491 | S43: =R43/O42 -> 0.9627451 | T43: =O42-R43 -> 0.019
F44: 2 | G44: 0.75 | H44: 0.012143 | I44: 490 | J44: 0.5 | K44: 0.196 | L44: 0.146 | M44: =1.55-L44-0.1 -> 1.304 | N44: Height (m) | O44: 0.155 | Q44: Width (m) | R44: =K48 -> 0.21666667 | S44: =R44/O43 -> 1.3541667 | T44: =O43-R44 -> -0.056666667
F45: 3 | G45: 0.71 | H45: 0.012414 | I45: 459 | J45: 0.524 | K45: 0.188 | L45: 0.147 | M45: =1.55-L45-0.1 -> 1.303 | N45: Top Sensor Distance (TSD) | O45: =1.55-O44-0.1 -> 1.295 | Q45: Height (m) | R45: =L48 -> 0.14566667 | S45: =R45/O44 -> 0.93978495 | T45: =O44-R45 -> 0.0093333333
F46: 4 | G46: 0.57 | H46: 0.011683 | I46: 424 | J46: 0.523 | K46: 0.189 | L46: 0.145 | M46: =1.55-L46-0.1 -> 1.305 | Q46: Number of points | R46: =I48 -> 457
F47: 5 | Q47: Top Sensor Distance (TSD) | R47: =M48 -> 1.3043333 | S47: =R47/O45 -> 1.0072072 | T47: =O45-R47 -> -0.0093333333
F48: average | G48: =AVERAGEA(G43:G46) -> 0.65 | H48: =AVERAGEA(H43:H46) -> 0.01241825 | I48: =AVERAGEA(I43:I46) -> 457 | J48: =AVERAGEA(J43:J45) -> 0.491 | K48: =AVERAGEA(K43:K45) -> 0.21666667 | L48: =AVERAGEA(L43:L45) -> 0.14566667 | M48: =AVERAGEA(M43:M45) -> 1.3043333
F49: Accuracy % | H49: =H48/O41 -> 0.98183507 | J49: =J48/O42 -> 0.9627451 | K49: =K48/O43 -> 1.3541667 | L49: =L48/O44 -> 0.93978495 | M49: =M48/O45 -> 1.0072072
F50: Error square | H50: =SUM((H43-O41)^2,(H44-O41)^2,(H45-O41)^2,(H46-O41)^2) -> 1.857231e-06 | J50: =SUM((J43-$O42)^2,(J44-$O42)^2,(J45-$O42)^2,(J46-$O42)^2) -> 0.004186 | K50: =SUM((K43-$O43)^2,(K44-$O43)^2,(K45-$O43)^2,(K46-$O43)^2) -> 0.014157 | L50: =SUM((L43-$O44)^2,(L44-$O44)^2,(L45-$O44)^2,(L46-$O44)^2) -> 0.000366 | M50: =SUM((M43-$O45)^2,(M44-$O45)^2,(M45-$O45)^2,(M46-$O45)^2) -> 0.000366 | O50: Manual measurement | Q50: Algorithm Results | R50: averages | S50: Percentage of correct answers | T50: Difference between manual measurement and algorithmic measurement. | V50: absolute percentage error volume (APE)
A52: Package Type | B52: Example of output from a valid test. | G52: Measurements Package 1 | N52: PCT5 Volume (m³) | O52: =0.33*0.29*0.36 -> 0.034452 | Q52: Execution time (s) | R52: =G59 -> 0.4575 | V52: =(ABS(H54-O52)/O52+ABS(H55-O52)/O52+ABS(H56-O52)/O52+ABS(H57-O52)/O52) -> 0.12428887
A53: Package 5 | B53: Object identified with 533 points. Total execution time: 0.48 seconds Object dimensions: Length: 0.359 m | Width: 0.314 m | Height: 0.345 m Dimensions (Convex Hull): Base area: 0.097 m² | Height: 0.345 m Total volume: 0.033563 m³ | F53: Tests | G53: Time | H53: Volume | I53: Number of points | J53: Length | K53: Width | L53: Height | M53: TSD | N53: Length (m) | O53: 0.33 | Q53: Volume (m³) | R53: =H59 -> 0.0333815 | S53: =R53/O52 -> 0.96892778 | T53: =O52-R53 -> 0.0010705
F54: 1 | G54: 0.39 | H54: 0.032598 | I54: 541 | J54: 0.373 | K54: 0.33 | L54: 0.318 | M54: =1.55-L54-0.1 -> 1.132 | N54: Width (m) | O54: 0.29 | Q54: Length (m) | R54: =J59 -> 0.36833333 | S54: =R54/O53 -> 1.1161616 | T54: =O53-R54 -> -0.038333333
F55: 2 | G55: 0.48 | H55: 0.034313 | I55: 636 | J55: 0.376 | K55: 0.336 | L55: 0.32 | M55: =1.55-L55-0.1 -> 1.13 | N55: Height (m) | O55: 0.36 | Q55: Width (m) | R55: =K59 -> 0.328 | S55: =R55/O54 -> 1.1310345 | T55: =O54-R55 -> -0.038
F56: 3 | G56: 0.48 | H56: 0.033052 | I56: 606 | J56: 0.37 | K56: 0.334 | L56: 0.322 | M56: =1.55-L56-0.1 -> 1.128 | N56: Top Sensor Distance (TSD) | O56: =1.55-O55-0.1 -> 1.09 | Q56: Height (m) | R56: =L59 -> 0.329 | S56: =R56/O55 -> 0.91388889 | T56: =O55-R56 -> 0.031
F57: 4 | G57: 0.48 | H57: 0.033563 | I57: 533 | J57: 0.359 | K57: 0.314 | L57: 0.345 | M57: =1.55-L57-0.1 -> 1.105 | Q57: Number of points | R57: =I59 -> 579
F58: 5 | Q58: Top Sensor Distance (TSD) | R58: =M59 -> 1.121 | S58: =R58/O56 -> 1.0284404 | T58: =O56-R58 -> -0.031
F59: average | G59: =AVERAGEA(G54:G57) -> 0.4575 | H59: =AVERAGEA(H54:H57) -> 0.0333815 | I59: =AVERAGEA(I54:I57) -> 579 | J59: =AVERAGEA(J55:J57) -> 0.36833333 | K59: =AVERAGEA(K55:K57) -> 0.328 | L59: =AVERAGEA(L55:L57) -> 0.329 | M59: =AVERAGEA(M55:M57) -> 1.121
F60: Accuracy % | H60: =H59/O52 -> 0.96892778 | J60: =J59/O53 -> 1.1161616 | K60: =K59/O54 -> 1.1310345 | L60: =L59/O55 -> 0.91388889 | M60: =M59/O56 -> 1.0284404 | N60: Package 6 in position 1 (Vertical as in the photo) | V60: Package 6 in position 2 (Horizontal, opposite of the photo) | AG60: Measurements Position 1 Package 6 | AJ60: APE | AK60: =(ABS(AH62-O62)/O62+ABS(AH63-O62)/O62+ABS(AH64-O62)/O62) -> 0.20967345 | AQ60: Measurements Position 2 Package 6 | AT60: APE | AU60: =(ABS(AR62-O62)/O62+ABS(AR63-O62)/O62+ABS(AR64-O62)/O62+ABS(AR65-O62)/O62) -> 0.34563925
F61: Error square | H61: =SUM((H54-O52)^2,(H55-O52)^2,(H56-O52)^2,(H57-O52)^2) -> 6.206958e-06 | J61: =SUM((J54-$O53)^2,(J55-$O53)^2,(J56-$O53)^2,(J57-$O53)^2) -> 0.006406 | K61: =SUM((K54-$O54)^2,(K55-$O54)^2,(K56-$O54)^2,(K57-$O54)^2) -> 0.006228 | L61: =SUM((L54-$O55)^2,(L55-$O55)^2,(L56-$O55)^2,(L57-$O55)^2) -> 0.005033 | M61: =SUM((M54-$O56)^2,(M55-$O56)^2,(M56-$O56)^2,(M57-$O56)^2) -> 0.005033 | O61: Manual measurement | Q61: Algorithm Results | R61: average | S61: Percentage of correct answers | T61: Difference between manual measurement and algorithmic measurement. | U61: Package divided into two parts. | V61: Manual measurement | X61: Algorithm Results | Y61: averages | Z61: Percentage of correct answers | AB61: Difference between manual measurement and algorithmic measurement. | AF61: Tests | AG61: Time | AH61: Volume | AI61: Number of points | AK61: Length | AL61: Width | AM61: Height | AN61: TSD | AP61: Tests | AQ61: Time | AR61: Volume | AS61: Number of points | AT61: Length | AU61: Width | AV61: Height | AW61: TSD
A62: Package Type | B62: Example of output from a valid test.(Position1) | F62: Package Type | G62: Example of output from a valid test.(Position2) | N62: PCT6 Volume (m³) | O62: =0.495*0.29*0.545 -> 0.07823475 | Q62: Execution time (s) | R62: =AG67 -> 0.85666667 | U62: PCT6 Volume (m³) - Larger Part | V62: 0.044225 | X62: Execution time (s) | Y62: =AQ67 -> 1.6225 | AF62: 1 | AG62: 1.19 | AH62: 0.082193 | AI62: 1171 | AK62: 0.544 | AL62: 0.311 | AM62: 0.539 | AN62: =1.55-AM62-0.1 -> 0.911 | AP62: 1 | AQ62: 1.63 | AR62: 0.071336 | AS62: 1425 | AT62: 0.596 | AU62: 0.549 | AV62: 0.274 | AW62: =1.55-AV62-0.1 -> 1.176
A63: Package 6 | B63: Object identified with 1171 points. Total execution time: 1.19 seconds Object dimensions: Length: 0.544 m | Width: 0.311 m | Height: 0.539 m Dimensions (Convex Hull): Base area: 0.153 m² | Height: 0.539 m Total volume: 0.082193 m³ | F63: Package 6 | G63: Object identified with 1409 points. Total execution time: 1.64 seconds Object dimensions: Length: 0.590 m | Width: 0.556 m | Height: 0.274 m Dimensions (Convex Hull): Base area: 0.261 m² | Height: 0.274 m Total volume: 0.071473 m³ | N63: Length (m) | O63: 0.495 | Q63: Volume (m³) | R63: =AH67 -> 0.083702667 | S63: =R63/O62 -> 1.0698911 | T63: =O62-R63 -> -0.0054679167 | U63: PCT6 Volume (m³) - Smaller Part | V63: 0.01439375 | X63: Volume (m³) | Y63: =AR67 -> 0.0714745 | Z63: =Y63/O62 -> 0.91359019 | AB63: =Y63-V64 -> 0.01285575 | AF63: 2 | AG63: 1.36 | AH63: 0.084204 | AK63: 0.555 | AL63: 0.309 | AM63: 0.541 | AN63: =1.55-AM63-0.1 -> 0.909 | AP63: 2 | AQ63: 1.68 | AR63: 0.071465 | AS63: 1504 | AT63: 0.583 | AU63: 0.544 | AV63: 0.274 | AW63: =1.55-AV63-0.1 -> 1.176
N64: Width (m) | O64: 0.29 | Q64: Length (m) | R64: =AK67 -> 0.544 | S64: =R64/O63 -> 1.0989899 | T64: =O63-R64 -> -0.049 | U64: Total Volume - Sum of the parts | V64: 0.05861875 | X64: Length (m) | Y64: =AT67 -> 0.58833333 | Z64: =Y64/V65 -> 1.0795107 | AB64: =Y64-V65 -> 0.043333333 | AF64: 3 | AG64: 1.38 | AH64: 0.084711 | AK64: 0.533 | AL64: 0.321 | AM64: 0.541 | AN64: =1.55-AM64-0.1 -> 0.909 | AP64: 3 | AQ64: 1.54 | AR64: 0.071624 | AS64: 1398 | AT64: 0.586 | AU64: 0.55 | AV64: 0.275 | AW64: =1.55-AV64-0.1 -> 1.175
N65: Height (m) | O65: 0.545 | Q65: Width (m) | R65: =AL67 -> 0.31366667 | S65: =R65/O64 -> 1.0816092 | T65: =O64-R65 -> -0.023666667 | U65: Package length 6 at position 2 | V65: 0.545 | X65: Width (m) | Y65: =AU67 -> 0.54766667 | Z65: =Y65/V66 -> 1.1063973 | AB65: =Y65-V66 -> 0.052666667 | AF65: 4 | AP65: 4 | AQ65: 1.64 | AR65: 0.071473 | AS65: 1409 | AT65: 0.59 | AU65: 0.556 | AV65: 0.274 | AW65: =1.55-AV65-0.1 -> 1.176
N66: Top Sensor Distance (TSD) | O66: =1.55-O65-0.1 -> 0.905 | Q66: Height (m) | R66: =AM67 -> 0.54033333 | S66: =R66/O65 -> 0.99143731 | T66: =O65-R66 -> 0.0046666667 | U66: Package width 6 at position 2 | V66: 0.495 | X66: Height (m) | Y66: =AV67 -> 0.27433333 | Z66: =Y66/V67 -> 0.94597701 | AB66: =Y66-V67 -> -0.015666667 | AF66: 5 | AP66: 5
Q67: Number of points | R67: =AI67 -> 1171 | U67: Package height 6 in position 2 | V67: 0.29 | X67: Number of points | Y67: =AS67 -> 1434 | AF67: average | AG67: =AVERAGEA(AG62:AG65) -> 0.85666667 | AH67: =AVERAGEA(AH62:AH65) -> 0.083702667 | AI67: =AVERAGEA(AI62:AI65) -> 1171 | AK67: =AVERAGEA(AK62:AK64) -> 0.544 | AL67: =AVERAGEA(AL62:AL64) -> 0.31366667 | AM67: =AVERAGEA(AM62:AM64) -> 0.54033333 | AN67: =AVERAGEA(AN62:AN64) -> 0.90966667 | AP67: average | AQ67: =AVERAGEA(AQ62:AQ65) -> 1.6225 | AR67: =AVERAGEA(AR62:AR65) -> 0.0714745 | AS67: =AVERAGEA(AS62:AS65) -> 1434 | AT67: =AVERAGEA(AT62:AT64) -> 0.58833333 | AU67: =AVERAGEA(AU62:AU64) -> 0.54766667 | AV67: =AVERAGEA(AV62:AV64) -> 0.27433333 | AW67: =AVERAGEA(AW62:AW64) -> 1.1756667
Q68: Top Sensor Distance (TSD) | R68: =AN67 -> 0.90966667 | S68: =R68/O66 -> 1.0051565 | T68: =O66-R68 -> -0.0046666667 | U68: Top Sensor Distance (TSD) | V68: =1.55-V67-0.1 -> 1.16 | X68: Top Sensor Distance (TSD) | Y68: =AW67 -> 1.1756667 | Z68: =Y68/V68 -> 1.0135057 | AB68: =V68-Y68 -> -0.015666667 | AH68: =AH67/O62 -> 1.0698911 | AR68: =AR67/O62 -> 0.91359019
Y69: Package 6 | Z69: Position 1 | AA69: Position 2 | AF69: Accuracy % | AH69: =AH67/V64 -> 1.4279163 | AK69: =AK67/O63 -> 1.0989899 | AL69: =AL67/O64 -> 1.0816092 | AM69: =AM67/O65 -> 0.99143731 | AN69: =AN67/O66 -> 1.0051565 | AP69: Accuracy % | AR69: =AR67/V64 -> 1.2193112 | AT69: =AT67/V65 -> 1.0795107 | AU69: =AU67/V66 -> 1.1063973 | AV69: =AV67/V67 -> 0.94597701 | AW69: =AW67/V68 -> 1.0135057
X70: Regarding the separate volume | Z70: =R63/V64 -> 1.4279163 | AA70: =Y63/V64 -> 1.2193112 | AF70: Error square | AH70: =SUM((AH62-$O62)^2,(AH63-$O62)^2,(AH64-$O62)^2) -> 9.3241503e-05 | AK70: =SUM((AK62-$O63)^2,(AK63-$O63)^2,(AK64-$O63)^2) -> 0.007445 | AL70: =SUM((AL62-$O64)^2,(AL63-$O64)^2,(AL64-$O64)^2) -> 0.001763 | AM70: =SUM((AM62-$O65)^2,(AM63-$O65)^2,(AM64-$O65)^2) -> 6.8e-05 | AN70: =SUM((AN62-$O66)^2,(AN63-$O66)^2,(AN64-$O66)^2) -> 6.8e-05 | AP70: Error square | AR70: =SUM((AR62-$O62)^2,(AR63-$O62)^2,(AR64-$O62)^2,(AR65-$O62)^2) -> 0.00018284555 | AT70: =SUM((AT62-$V65)^2,(AT63-$V65)^2,(AT64-$V65)^2,(AT65-$V65)^2) -> 0.007751 | AU70: =SUM((AU62-$V66)^2,(AU63-$V66)^2,(AU64-$V66)^2,(AU65-$V66)^2) -> 0.012063 | AV70: =SUM((AV62-$V67)^2,(AV63-$V67)^2,(AV64-$V67)^2,(AV65-$V67)^2) -> 0.000993 | AW70: =SUM((AW62-$V68)^2,(AW63-$V68)^2,(AW64-$V68)^2,(AW65-$V68)^2) -> 0.000993
O71: Manual measurement | Q71: Algorithm Results | R71: averages | S71: Percentage of correct answers | T71: Difference between manual measurement and algorithmic measurement. | U71: absolute percentage error volume (APE)
A72: Package Type | B72: Description of the test with 0º orientation (Position 1) | G72: Measurements Package 1 | N72: PCT7 Volume (m³) | O72: =0.815*0.415*0.165 -> 0.055807125 | Q72: Execution time (s) | R72: =G79 -> 2.55
A73: Package 7 | B73: Object identified with 2416 points. Total execution time: 3.49 seconds Object dimensions: Length: 0.895 m | Width: 0.525 m | Height: 0.142 m Dimensions (Convex Hull): Base area: 0.379 m² | Height: 0.142 m Total volume: 0.053873 m³ | F73: Tests | G73: Time | H73: Volume | I73: Number of points | J73: Length | K73: Width | L73: Height | M73: TSD | N73: Length (m) | O73: 0.815 | Q73: Volume (m³) | R73: =H79 -> 0.054172333 | S73: =R73/O72 -> 0.9707064 | T73: =O72-R73 -> 0.0016347917 | U73: =(ABS(H74-O72)/O72+ABS(H75-O72)/O72+ABS(H76-O72)/O72) -> 0.087880804
F74: 1 | G74: 3.49 | H74: 0.053873 | I74: 2416 | J74: 0.895 | K74: 0.525 | L74: 0.142 | M74: =1.55-L74-0.1 -> 1.308 | N74: Width (m) | O74: 0.415 | Q74: Length (m) | R74: =J79 -> 0.873 | S74: =R74/O73 -> 1.0711656 | T74: =O73-R74 -> -0.058
F75: 2 | G75: 2.13 | H75: 0.054169 | I75: 2141 | J75: 0.873 | K75: 0.511 | L75: 0.148 | M75: =1.55-L75-0.1 -> 1.302 | N75: Height (m) | O75: 0.165 | Q75: Width (m) | R75: =K79 -> 0.515 | S75: =R75/O74 -> 1.2409639 | T75: =O74-R75 -> -0.1
F76: 3 | G76: 2.03 | H76: 0.054475 | I76: 2088 | J76: 0.873 | K76: 0.519 | L76: 0.149 | M76: =1.55-L76-0.1 -> 1.301 | N76: Top Sensor Distance (TSD) | O76: =1.55-O75-0.1 -> 1.285 | Q76: Height (m) | R76: =L79 -> 0.1485 | S76: =R76/O75 -> 0.9 | T76: =O75-R76 -> 0.0165
F77: 4 | Q77: Number of points | R77: =I79 -> 2215
F78: 5 | Q78: Top Sensor Distance (TSD) | R78: =M79 -> 1.3015 | S78: =R78/O76 -> 1.0128405 | T78: =O76-R78 -> -0.0165
F79: average | G79: =AVERAGEA(G74:G77) -> 2.55 | H79: =AVERAGEA(H74:H77) -> 0.054172333 | I79: =AVERAGEA(I74:I77) -> 2215 | J79: =AVERAGEA(J75:J77) -> 0.873 | K79: =AVERAGEA(K75:K77) -> 0.515 | L79: =AVERAGEA(L75:L77) -> 0.1485 | M79: =AVERAGEA(M75:M77) -> 1.3015
F80: Accuracy % | H80: =H79/O72 -> 0.9707064 | J80: =J79/O74 -> 2.1036145 | K80: =K79/O75 -> 3.1212121 | L80: =L79/O76 -> 0.1155642 | M80: =M79/O76 -> 1.0128405 | N80: Regular Packs (Pack 1, Pack 3, Pack 5, Pack 7) - Rectangular and cubic boxes
F81: Error square | H81: =SUM((H74-O72)^2,(H75-O72)^2,(H76-O72)^2) -> 8.19885e-06 | J81: =SUM((J74-$O73)^2,(J75-$O73)^2,(J76-$O73)^2) -> 0.013128 | K81: =SUM((K74-$O74)^2,(K75-$O74)^2,(K76-$O74)^2) -> 0.032132 | L81: =SUM((L74-$O75)^2,(L75-$O75)^2,(L76-$O75)^2) -> 0.001074 | M81: =SUM((M74-$O76)^2,(M75-$O76)^2,(M76-$O76)^2) -> 0.001074 | N81: Statistical analysis of average data | P81: Difference between manual measurement and measurement by algorithm
N82: Execution time | O82: =AVERAGE(R9,R32,R52,R72) -> 1.0860417 | Q82: MAPE | S82: RMSE | W82: OVERALL
N83: Number of points | O83: =AVERAGE(R14,R37,R57,R77) -> 1224.6667 | T83: Overall average across all tests | W83: RMSE | X83: MAPE
N84: Average number of hits Volume | O84: =AVERAGE(S10,S33,S53,S73) -> 0.9845068 | P84: =AVERAGE(T10,T33,T53,T73) -> 0.00077830208 | Q84: =(V10+V33+V52+U73)/13 -> 0.022679639 | S84: =SQRT(SUM(H17,H39,H61,H81)/13) -> 0.0014213688 | T84: Execution time | U84: =AVERAGE(O82,O92) -> 1.065
N85: Average of hits Length | O85: =AVERAGE(S11,S34,S54,S74) -> 1.0669128 | P85: =AVERAGE(T11,T34,T54,T74) -> -0.034083333 | S85: =SQRT(SUM(J17,J39,J61,J81)/13) -> 0.041567369 | T85: Number of points | U85: =AVERAGE(O83,O93) -> 1136
N86: Average number of hits Width | O86: =AVERAGE(S12,S35,S55,S75) -> 1.1314394 | P86: =AVERAGE(T12,T35,T55,T75) -> -0.0475 | S86: =SQRT(SUM(K17,K39,K61,K81)/13) -> 0.057306195 | T86: Average number of hits Volume | U86: =AVERAGE(O84,O94) -> 0.96390943 | V86: =AVERAGE(P84,P94) -> 0.0023618073 | W86: =SQRT(SUM(H17,H28,H39,H50,H61,AH70,AR70,H81)/27) -> 0.0043217759 | X86: =(V10+V33+V52+U73+V23+V42+AK60+AU60)/27 -> 0.060116392
N87: Average number of correct answers Height | O87: =AVERAGE(S13,S36,S56,S76) -> 0.9498752 | P87: =AVERAGE(T13,T36,T56,T76) -> 0.013708333 | S87: =SQRT(SUM(L17,L39,L61,L81)/13) -> 0.02233142 | T87: Average of hits Length | U87: =AVERAGE(O85,O95) -> 1.0555505 | V87: =AVERAGE(P85,P95) -> -0.017416667 | W87: =SQRT(SUM(J17,J28,J39,J50,J61,AK70,AT70,J81)/27) -> 0.039753407
N88: Average of correct answers DST | O88: =AVERAGE(S15,S38,S58,S78) -> 1.0122695 | P88: =AVERAGE(T15,T38,T58,T78) -> -0.013708333 | S88: =SQRT(SUM(M17,M39,M61,M81)/13) -> 0.02233142 | T88: Average number of hits Width | U88: =AVERAGE(O86,O96) -> 1.1315027 | V88: =AVERAGE(P86,P96) -> -0.026333333 | W88: =SQRT(SUM(K17,K28,K39,K50,K61,AL70,AU70,K81)/27) -> 0.051217763
T89: Average number of correct answers Height | U89: =AVERAGE(O87,O97) -> 0.9484764 | V89: =AVERAGE(P87,P97) -> 0.0089791667 | W89: =SQRT(SUM(L17,L28,L39,L50,L61,AM70,AV70,L81)/27) -> 0.018214768
N90: Irregular Packages (Package 2, Pack 4, Pack 6_P1, Pack 6_P2) - Garment bag, cylinder and L-shaped box) | T90: Average of correct answers DST | U90: =AVERAGEA(O88,O98) -> 1.0112501 | V90: =AVERAGEA(P88,P98) -> -0.012895833 | W90: =SQRT(SUM(M17,M28,M39,M50,M61,AN70,AW70,M81)/27) -> 0.018214768
N91: Statistical analysis of average data | P91: Difference between manual measurement and measurement by algorithm
N92: Execution time | O92: =AVERAGE(R22,R41,R62,Y62) -> 1.0439583 | Q92: MAPE | S92: RMSE
N93: Number of points | O93: =AVERAGE(R27,R46,R67,Y67) -> 1047.3333
N94: Average number of hits Volume | O94: =AVERAGE(S23,S42,S63,Z63) -> 0.94331205 | P94: =AVERAGE(T23,T42,T63,AB63) -> 0.0039453125 | Q94: =(V23+V42+AK60+AU60)/14 -> 0.094879093 | S94: =SQRT(SUM(H28,H50,AH70,AR70)/14) -> 0.0058434054
N95: Average of hits Length | O95: =AVERAGE(S24,S43,S64,Z64) -> 1.0441882 | P95: =AVERAGE(T24,T43,T64,AB64) -> -0.00075 | S95: =SQRT(SUM(J28,J50,AK70,AT70)/14) -> 0.03799154
N96: Average number of hits Width | O96: =AVERAGE(S25,S44,S65,Z65) -> 1.131566 | P96: =AVERAGE(T25,T44,T65,AB65) -> -0.0051666667 | S96: =SQRT(SUM(K28,K50,AL70,AU70)/14) -> 0.044829837
N97: Average number of correct answers Height | O97: =AVERAGE(S26,S45,S66,Z66) -> 0.94707759 | P97: =AVERAGE(T26,T45,T66,AB66) -> 0.00425 | S97: =SQRT(SUM(L28,L50,AM70,AV70)/14) -> 0.013296079
N98: Average of correct answers DST | O98: =AVERAGE(S28,S47,S68,Z68) -> 1.0102308 | P98: =AVERAGE(T28,T47,T68,AB68) -> -0.012083333 | S98: =SQRT(SUM(M28,M50,AN70,AW70)/14) -> 0.013296079

Sheet Voxelization
A2: Test sequence for calculating packet volume using voxelization
A6: Testing with the Voxelization Volume Estimation algorithm
A8: Package Type | B8: Example of output from a valid test. | G8: Measurements Package 1 | O8: Manual measurement (m) | Q8: Algorithm Results | R8: averages | S8: Percentage of correct answers | T8: Difference between manual measurement and algorithmic measurement. | V8: absolute percentage error volume (ACE)
A9: Package 1 | B9: Object identified with 1334 points. Total execution time: 2.70 seconds Dimensions (Voxelization): Length: 0.540 m | Width: 0.320 m | Height: 0.495 m Occupied voxels: 1289 | Voxel size: 0.010 m Estimated volume: 0.063816 m³ | F9: Tests | G9: Time | H9: Volume | I9: Number of points | J9: Length | K9: Width | L9: Height | M9: TSD | N9: VolumePCT1 (m³) | O9: =0.485*0.275*0.495 -> 0.066020625 | Q9: Execution time (s) | R9: =G15 -> 6.2133333
F10: 1 | G10: 3 | H10: 0.063348 | I10: 1393 | J10: 0.54 | K10: 0.33 | L10: 0.495 | M10: =1.55-L10-0.1 -> 0.955 | N10: Length (m) | O10: 0.485 | Q10: Volume (m³) | R10: =H15 -> 0.063874333 | S10: =R10/O9 -> 0.96749059 | T10: =O9-R10 -> 0.0021462917 | V10: =(ABS(H10-O9)/O9+ABS(H11-O9)/O9+ABS(H12-O9)/O9) -> 0.097528235
F11: 2 | G11: 2.7 | H11: 0.063816 | I11: 1334 | J11: 0.54 | K11: 0.32 | L11: 0.495 | M11: =1.55-L11-0.1 -> 0.955 | N11: Width (m) | O11: 0.275 | Q11: Length (m) | R11: =J15 -> 0.54 | S11: =R11/O10 -> 1.1134021 | T11: =O10-R11 -> -0.055
F12: 3 | G12: 12.94 | H12: 0.064459 | I12: 1346 | J12: 0.54 | K12: 0.32 | L12: 0.495 | M12: =1.55-L12-0.1 -> 0.955 | N12: Height (m) | O12: 0.5 | Q12: Width (m) | R12: =K15 -> 0.32333333 | S12: =R12/O11 -> 1.1757576 | T12: =O11-R12 -> -0.048333333
F13: 4 | N13: Top Sensor Distance (TSD) | O13: =1.55-O12-0.1 -> 0.95 | Q13: Height (m) | R13: =L15 -> 0.495 | S13: =R13/O12 -> 0.99 | T13: =O12-R13 -> 0.005
F14: 5 | Q14: Number of points | R14: =I15 -> 1357.6667
F15: average | G15: =AVERAGEA(G10:G13) -> 6.2133333 | H15: =AVERAGEA(H10:H13) -> 0.063874333 | I15: =AVERAGEA(I10:I13) -> 1357.6667 | J15: =AVERAGEA(J10:J13) -> 0.54 | K15: =AVERAGEA(K10:K13) -> 0.32333333 | L15: =AVERAGEA(L10:L13) -> 0.495 | M15: =AVERAGEA(M10:M13) -> 0.955 | Q15: Top Sensor Distance (TSD) | R15: =M15 -> 0.955 | S15: =R15/O13 -> 1.0052632 | T15: =O13-R15 -> -0.005
F16: Accuracy % | H16: =H15/O9 -> 0.96749059 | J16: =J15/O10 -> 1.1134021 | K16: =K15/O11 -> 1.1757576 | L16: =L15/O12 -> 0.99 | M16: =M15/O13 -> 1.0052632
F17: Error square | H17: =SUM((H10-O9)^2,(H11-O9)^2,(H12-O9)^2) -> 1.4441968e-05 | J17: =SUM((J10-$O10)^2,(J11-$O10)^2,(J12-$O10)^2) -> 0.009075 | K17: =SUM((K10-$O11)^2,(K11-$O11)^2,(K12-$O11)^2) -> 0.007075 | L17: =SUM((L10-$O12)^2,(L11-$O12)^2,(L12-$O12)^2) -> 7.5e-05 | M17: =SUM((M10-$O13)^2,(M11-$O13)^2,(M12-$O13)^2) -> 7.5e-05
A19: Package Type | B19: Example of output from a valid test. | G19: Measurements Package 2
A20: Package 2 | B20: Object identified with 1971 points. Total execution time: 4.34 seconds Dimensions (Voxelization): Length: 0.510 m | Width: 0.480 m | Height: 0.179 m Occupied voxels: 1902 | Voxel size: 0.010 m Estimated volume: 0.034008 m³ | F20: Tests | G20: Time | H20: Volume | I20: Number of points | J20: Length | K20: Width | L20: Height | M20: TSD
F21: 1 | G21: 5.76 | H21: 0.034379 | I21: 2039 | J21: 0.52 | K21: 0.49 | L21: 0.175 | M21: =1.55-L21-0.1 -> 1.275 | O21: Manual measurement | Q21: Algorithm Results | R21: averages | S21: Percentage of correct answers | T21: Difference between manual measurement and algorithmic measurement. | V21: absolute percentage error volume (ACE)
F22: 2 | G22: 7.02 | H22: 0.034176 | I22: 2004 | J22: 0.51 | K22: 0.48 | L22: 0.18 | M22: =1.55-L22-0.1 -> 1.27 | N22: PCT2 Volume (m2) | O22: =0.44*0.46*0.21 -> 0.042504 | Q22: Execution time (s) | R22: =G26 -> 5.7066667
F23: 3 | G23: 4.34 | H23: 0.034008 | I23: 1971 | J23: 0.51 | K23: 0.48 | L23: 0.179 | M23: =1.55-L23-0.1 -> 1.271 | N23: Length (m) | O23: 0.46 | Q23: Volume (m³) | R23: =H26 -> 0.034187667 | S23: =R23/O22 -> 0.80433998 | T23: =O22-R23 -> 0.0083163333 | V23: =(ABS(H21-O22)/O22+ABS(H22-O22)/O22+ABS(H23-O22)/O22) -> 0.58698005
F24: 4 | N24: Width (m) | O24: 0.44 | Q24: Length (m) | R24: =J26 -> 0.51333333 | S24: =R24/O23 -> 1.115942 | T24: =O23-R24 -> -0.053333333
F25: 5 | N25: Height (m) | O25: 0.21 | Q25: Width (m) | R25: =K26 -> 0.48333333 | S25: =R25/O24 -> 1.0984848 | T25: =O24-R25 -> -0.043333333
F26: average | G26: =AVERAGEA(G21:G24) -> 5.7066667 | H26: =AVERAGEA(H21:H24) -> 0.034187667 | I26: =AVERAGEA(I21:I24) -> 2004.6667 | J26: =AVERAGEA(J21:J23) -> 0.51333333 | K26: =AVERAGEA(K21:K23) -> 0.48333333 | L26: =AVERAGEA(L21:L23) -> 0.178 | M26: =AVERAGEA(M21:M23) -> 1.272 | N26: Top Sensor Distance (TSD) | O26: =1.55-O25-0.1 -> 1.24 | Q26: Height (m) | R26: =L26 -> 0.178 | S26: =R26/O25 -> 0.84761905 | T26: =O25-R26 -> 0.032
F27: Accuracy % | H27: =H26/O22 -> 0.80433998 | J27: =J26/O23 -> 1.115942 | K27: =K26/O24 -> 1.0984848 | L27: =L26/O25 -> 0.84761905 | M27: =M26/O26 -> 1.0258065 | Q27: Number of points | R27: =I26 -> 2004.6667
F28: Error square | H28: =SUM((H21-$O22)^2,(H22-$O22)^2,(H23-$O22)^2) -> 0.00020755322 | J28: =SUM((J21-$O23)^2,(J22-$O23)^2,(J23-$O23)^2) -> 0.0086 | K28: =SUM((K21-$O24)^2,(K22-$O24)^2,(K23-$O24)^2) -> 0.0057 | L28: =SUM((L21-$O25)^2,(L22-$O25)^2,(L23-$O25)^2) -> 0.003086 | M28: =SUM((M21-$O26)^2,(M22-$O26)^2,(M23-$O26)^2) -> 0.003086 | Q28: Top Sensor Distance (TSD) | R28: =M26 -> 1.272 | S28: =R28/O26 -> 1.0258065 | T28: =O26-R28 -> -0.032
A30: Package Type | B30: Example of output from a valid test. | G30: Measurements Package 3
A31: Package 3 | B31: Object identified with 2730 points. Total execution time: 10.54 seconds Dimensions (Voxelization): Length: 0.570 m | Width: 0.560 m | Height: 0.492 m Occupied voxels: 2600 | Voxel size: 0.010 m Estimated volume: 0.128023 m³ Successful attempt! Volume within the standard. | F31: Tests | G31: Time | H31: Volume | I31: Number of points | J31: Length | K31: Width | L31: Height | M31: TSD | O31: Manual measurement | Q31: Algorithm Results | R31: averages | S31: Percentage of correct answers | T31: Difference between manual measurement and algorithmic measurement. | V31: absolute percentage error volume (ACE)
F32: 1 | G32: 10.54 | H32: 0.128023 | I32: 2730 | J32: 0.57 | K32: 0.56 | L32: 0.492 | M32: =1.55-L32-0.1 -> 0.958 | N32: PCT3 Volume (m³) | O32: =0.505*0.505*0.505 -> 0.12878762 | Q32: Execution time (s) | R32: =G37 -> 11.743333
F33: 2 | G33: 13.43 | H33: 0.128036 | I33: 2757 | J33: 0.57 | K33: 0.55 | L33: 0.492 | M33: =1.55-L33-0.1 -> 0.958 | N33: Length (m) | O33: 0.505 | Q33: Volume (m³) | R33: =H37 -> 0.12800733 | S33: =R33/O32 -> 0.99394125 | T33: =O32-R33 -> 0.00078029167 | V33: =(ABS(H32-O32)/O32+ABS(H33-O32)/O32+ABS(H34-O32)/O32) -> 0.018176242
F34: 3 | G34: 11.26 | H34: 0.127963 | J34: 0.57 | K34: 0.55 | L34: 0.492 | M34: =1.55-L34-0.1 -> 0.958 | N34: Width (m) | O34: 0.505 | Q34: Length (m) | R34: =J37 -> 0.57 | S34: =R34/O33 -> 1.1287129 | T34: =O33-R34 -> -0.065
F35: 4 | N35: Height (m) | O35: 0.505 | Q35: Width (m) | R35: =K37 -> 0.55333333 | S35: =R35/O34 -> 1.0957096 | T35: =O34-R35 -> -0.048333333
F36: 5 | N36: Top Sensor Distance (TSD) | O36: =1.55-O35-0.1 -> 0.945 | Q36: Height (m) | R36: =L37 -> 0.492 | S36: =R36/O35 -> 0.97425743 | T36: =O35-R36 -> 0.013
F37: average | G37: =AVERAGEA(G32:G35) -> 11.743333 | H37: =AVERAGEA(H32:H35) -> 0.12800733 | I37: =AVERAGEA(I32:I35) -> 2743.5 | J37: =AVERAGEA(J32:J34) -> 0.57 | K37: =AVERAGEA(K32:K34) -> 0.55333333 | L37: =AVERAGEA(L32:L34) -> 0.492 | M37: =AVERAGEA(M32:M34) -> 0.958 | Q37: Number of points | R37: =I37 -> 2743.5
F38: Accuracy % | H38: =H37/O32 -> 0.99394125 | J38: =J37/O33 -> 1.1287129 | K38: =K37/O34 -> 1.0957096 | L38: =L37/O35 -> 0.97425743 | M38: =M37/O36 -> 1.0137566 | Q38: Top Sensor Distance (TSD) | R38: =M37 -> 0.958 | S38: =R38/O36 -> 1.0137566 | T38: =O36-R38 -> -0.013
F39: Error square | H39: =SUM((H32-O32)^2,(H33-O32)^2,(H34-O32)^2) -> 1.8295979e-06 | J39: =SUM((J32-$O33)^2,(J33-$O33)^2,(J34-$O33)^2) -> 0.012675 | K39: =SUM((K32-$O34)^2,(K33-$O34)^2,(K34-$O34)^2) -> 0.007075 | L39: =SUM((L32-$O35)^2,(L33-$O35)^2,(L34-$O35)^2) -> 0.000507 | M39: =SUM((M32-$O36)^2,(M33-$O36)^2,(M34-$O36)^2) -> 0.000507
O40: Manual measurement | Q40: Algorithm Results | R40: averages | S40: Percentage of correct answers | T40: Difference between manual measurement and algorithmic measurement. | V40: absolute percentage error volume (ACE)
A41: Package Type | B41: Example of output from a valid test. | G41: Measurements Package 4 | N41: PCT4 Volume (m³) | O41: =0.51*0.16*0.155 -> 0.012648 | Q41: Execution time (s) | R41: =G48 -> 5.3433333
A42: Package 4 | B42: Object identified with 852 points. Total execution time: 1.28 seconds Dimensions (Voxelization): Length: 0.540 m | Width: 0.280 m | Height: 0.147 m Occupied voxels: 816 | Voxel size: 0.010 m Estimated volume: 0.012001 m³ Successful attempt! Volume within the standard. | F42: Tests | G42: Time | H42: Volume | I42: Number of points | J42: Length | K42: Width | L42: Height | M42: TSD | N42: Length (m) | O42: 0.51 | Q42: Volume (m³) | R42: =H48 -> 0.012085 | S42: =R42/O41 -> 0.95548703 | T42: =O41-R42 -> 0.000563 | V42: =(ABS(H43-O41)/O41+ABS(H44-O41)/O41+ABS(H45-O41)/O41) -> 0.1335389
F43: 1 | G43: 1.28 | H43: 0.012001 | I43: 852 | J43: 0.54 | K43: 0.28 | L43: 0.147 | M43: =1.55-L43-0.1 -> 1.303 | N43: Width (m) | O43: 0.16 | Q43: Length (m) | R43: =J48 -> 0.54 | S43: =R43/O42 -> 1.0588235 | T43: =O42-R43 -> -0.03
F44: 2 | G44: 1.3 | H44: 0.011919 | I44: 836 | J44: 0.54 | K44: 0.28 | L44: 0.148 | M44: =1.55-L44-0.1 -> 1.302 | N44: Height (m) | O44: 0.155 | Q44: Width (m) | R44: =K48 -> 0.28 | S44: =R44/O43 -> 1.75 | T44: =O43-R44 -> -0.12
F45: 3 | G45: 13.45 | H45: 0.012335 | I45: 862 | J45: 0.54 | K45: 0.28 | L45: 0.149 | M45: =1.55-L45-0.1 -> 1.301 | N45: Top Sensor Distance (TSD) | O45: =1.55-O44-0.1 -> 1.295 | Q45: Height (m) | R45: =L48 -> 0.148 | S45: =R45/O44 -> 0.95483871 | T45: =O44-R45 -> 0.007
F46: 4 | Q46: Number of points | R46: =I48 -> 850
F47: 5 | Q47: Top Sensor Distance (TSD) | R47: =M48 -> 1.302 | S47: =R47/O45 -> 1.0054054 | T47: =O45-R47 -> -0.007
F48: average | G48: =AVERAGEA(G43:G46) -> 5.3433333 | H48: =AVERAGEA(H43:H46) -> 0.012085 | I48: =AVERAGEA(I43:I46) -> 850 | J48: =AVERAGEA(J43:J45) -> 0.54 | K48: =AVERAGEA(K43:K45) -> 0.28 | L48: =AVERAGEA(L43:L45) -> 0.148 | M48: =AVERAGEA(M43:M45) -> 1.302
F49: Accuracy % | H49: =H48/O41 -> 0.95548703 | J49: =J48/O42 -> 1.0588235 | K49: =K48/O43 -> 1.75 | L49: =L48/O44 -> 0.95483871 | M49: =M48/O45 -> 1.0054054
F50: Error square | H50: =SUM((H43-O41)^2,(H44-O41)^2,(H45-O41)^2) -> 1.048019e-06 | J50: =SUM((J43-$O42)^2,(J44-$O42)^2,(J45-$O42)^2) -> 0.0027 | K50: =SUM((K43-$O43)^2,(K44-$O43)^2,(K45-$O43)^2) -> 0.0432 | L50: =SUM((L43-$O44)^2,(L44-$O44)^2,(L45-$O44)^2) -> 0.000149 | M50: =SUM((M43-$O45)^2,(M44-$O45)^2,(M45-$O45)^2) -> 0.000149 | O50: Manual measurement | Q50: Algorithm Results | R50: averages | S50: Percentage of correct answers | T50: Difference between manual measurement and algorithmic measurement. | V50: absolute percentage error volume (ACE)
A52: Package Type | B52: Example of output from a valid test. | G52: Measurements Package 5 | N52: PCT5 Volume (m³) | O52: =0.33*0.29*0.36 -> 0.034452 | Q52: Execution time (s) | R52: =G59 -> 3.6933333 | V52: =(ABS(H54-O52)/O52+ABS(H55-O52)/O52+ABS(H56-O52)/O52) -> 0.065511436
A53: Package 5 | B53: 2 clusters found. Object identified with 1052 points. Total execution time: 2.95 seconds Dimensions (Voxelization): Length: 0.380 m | Width: 0.350 m | Height: 0.327 m Occupied voxels: 1035 | Voxel size: 0.010 m Estimated volume: 0.033879 m³ Successful attempt! Volume within the standard. | F53: Tests | G53: Time | H53: Volume | I53: Number of points | J53: Length | K53: Width | L53: Height | M53: TSD | N53: Length (m) | O53: 0.33 | Q53: Volume (m³) | R53: =H59 -> 0.033699667 | S53: =R53/O52 -> 0.97816285 | T53: =O52-R53 -> 0.00075233333
F54: 1 | G54: 3.31 | H54: 0.033713 | I54: 1078 | J54: 0.4 | K54: 0.34 | L54: 0.327 | M54: =1.55-L54-0.1 -> 1.123 | N54: Width (m) | O54: 0.29 | Q54: Length (m) | R54: =J59 -> 0.38666667 | S54: =R54/O53 -> 1.1717172 | T54: =O53-R54 -> -0.056666667
F55: 2 | G55: 2.95 | H55: 0.033879 | I55: 1052 | J55: 0.38 | K55: 0.35 | L55: 0.327 | M55: =1.55-L55-0.1 -> 1.123 | N55: Height (m) | O55: 0.36 | Q55: Width (m) | R55: =K59 -> 0.35 | S55: =R55/O54 -> 1.2068966 | T55: =O54-R55 -> -0.06
F56: 3 | G56: 4.82 | H56: 0.033507 | I56: 1011 | J56: 0.38 | K56: 0.36 | L56: 0.339 | M56: =1.55-L56-0.1 -> 1.111 | N56: Top Sensor Distance (TSD) | O56: =1.55-O55-0.1 -> 1.09 | Q56: Height (m) | R56: =L59 -> 0.331 | S56: =R56/O55 -> 0.91944444 | T56: =O55-R56 -> 0.029
F57: 4 | Q57: Number of points | R57: =I59 -> 1047
F58: 5 | Q58: Top Sensor Distance (TSD) | R58: =M59 -> 1.119 | S58: =R58/O56 -> 1.0266055 | T58: =O56-R58 -> -0.029
F59: average | G59: =AVERAGEA(G54:G57) -> 3.6933333 | H59: =AVERAGEA(H54:H57) -> 0.033699667 | I59: =AVERAGEA(I54:I57) -> 1047 | J59: =AVERAGEA(J54:J56) -> 0.38666667 | K59: =AVERAGEA(K54:K56) -> 0.35 | L59: =AVERAGEA(L54:L56) -> 0.331 | M59: =AVERAGEA(M54:M56) -> 1.119
F60: Accuracy % | H60: =H59/O52 -> 0.97816285 | J60: =J59/O53 -> 1.1717172 | K60: =K59/O54 -> 1.2068966 | L60: =L59/O55 -> 0.91944444 | M60: =M59/O56 -> 1.0266055 | N60: Package 6 in position 1 (Vertical as in the photo) | V60: Package 6 in position 2 (Horizontal, opposite of the photo) | AG60: Measurements Position 1 Package 6 | AJ60: APE | AK60: =(ABS(AH62-O62)/O62+ABS(AH63-O62)/O62+ABS(AH64-O62)/O62) -> 0.015514206 | AQ60: Measurements Position 2 Package 6 | AT60: APE | AU60: =(ABS(AR62-O62)/O62+ABS(AR63-O62)/O62+ABS(AR64-O62)/O62) -> 0.76021525
F61: Error square | H61: =SUM((H54-O52)^2,(H55-O52)^2,(H56-O52)^2) -> 1.767475e-06 | J61: =SUM((J54-$O53)^2,(J55-$O53)^2,(J56-$O53)^2) -> 0.0099 | K61: =SUM((K54-$O54)^2,(K55-$O54)^2,(K56-$O54)^2) -> 0.011 | L61: =SUM((L54-$O55)^2,(L55-$O55)^2,(L56-$O55)^2) -> 0.002619 | M61: =SUM((M54-$O56)^2,(M55-$O56)^2,(M56-$O56)^2) -> 0.002619 | O61: Manual measurement | Q61: Algorithm Results | R61: average | S61: Percentage of correct answers | T61: Difference between manual measurement and algorithmic measurement. | U61: Package divided into two parts. | V61: Manual measurement | X61: Algorithm Results | Y61: averages | Z61: Percentage of correct answers | AB61: Difference between manual measurement and algorithmic measurement. | AF61: Tests | AG61: Time | AH61: Volume | AI61: Number of points | AK61: Length | AL61: Width | AM61: Height | AN61: TSD | AP61: Tests | AQ61: Time | AR61: Volume | AS61: Number of points | AT61: Length | AU61: Width | AV61: Height | AW61: TSD
B62: Example of output from a valid test.(Position1) | F62: Package Type | G62: Example of output from a valid test. (Position 2) | N62: PCT6 Volume (m³) | O62: =0.495*0.29*0.545 -> 0.07823475 | Q62: Execution time (s) | R62: =AG67 -> 2.49 | U62: PCT6 Volume (m³) - Larger Part | V62: 0.044225 | X62: Execution time (s) | Y62: =AQ67 -> 12.316667 | AF62: 1 | AG62: 2.52 | AH62: 0.078013 | AI62: 1509 | AK62: 0.55 | AL62: 0.35 | AM62: 0.541 | AN62: =1.55-AM62-0.1 -> 0.909 | AP62: 1 | AQ62: 10.34 | AR62: 0.058367 | AS62: 2190 | AT62: 0.58 | AU62: 0.56 | AV62: 0.274 | AW62: =1.55-AV62-0.1 -> 1.176
A63: Package 6 | B63: Object identified with 1509 points. Total execution time: 2.52 seconds Dimensions (Voxelization): Length: 0.540 m | Width: 0.360 m | Height: 0.540 m Occupied voxels: 1445 | Voxel size: 0.010 m Estimated volume: 0.078013 m³ Successful attempt! Volume within the standard. | F63: Package 6 | G63: Object identified with 2190 points. Total execution time: 10.34 seconds Dimensions (Voxelization): Length: 0.580 m | Width: 0.560 m | Height: 0.274 m Occupied voxels: 2132 | Voxel size: 0.010 m Estimated volume: 0.058367 m³ Successful attempt! Volume within the standard. | N63: Length (m) | O63: 0.495 | Q63: Volume (m³) | R63: =AH67 -> 0.078293667 | S63: =R63/O62 -> 1.0007531 | T63: =O62-R63 -> -5.8916667e-05 | U63: PCT6 Volume (m³) - Smaller Part | V63: 0.01439375 | X63: Volume (m³) | Y63: =AR67 -> 0.058409667 | Z63: =Y63/O62 -> 0.74659492 | AB63: =Y63-V64 -> -0.00020908333 | AF63: 2 | AG63: 2.42 | AH63: 0.07893 | AI63: 1492 | AK63: 0.55 | AL63: 0.35 | AM63: 0.541 | AN63: =1.55-AM63-0.1 -> 0.909 | AP63: 2 | AQ63: 11.31 | AR63: 0.058346 | AS63: 2224 | AT63: 0.58 | AU63: 0.55 | AV63: 0.274 | AW63: =1.55-AV63-0.1 -> 1.176
N64: Width (m) | O64: 0.29 | Q64: Length (m) | R64: =AK67 -> 0.54666667 | S64: =R64/O63 -> 1.1043771 | T64: =O63-R64 -> -0.051666667 | U64: Total Volume - Sum of the parts | V64: 0.05861875 | X64: Length (m) | Y64: =AT67 -> 0.58333333 | Z64: =Y64/V65 -> 1.0703364 | AB64: =Y64-V65 -> 0.038333333 | AF64: 3 | AG64: 2.53 | AH64: 0.077938 | AI64: 1487 | AK64: 0.54 | AL64: 0.36 | AM64: 0.54 | AN64: =1.55-AM64-0.1 -> 0.91 | AP64: 3 | AQ64: 15.3 | AR64: 0.058516 | AS64: 2243 | AT64: 0.59 | AU64: 0.55 | AV64: 0.274 | AW64: =1.55-AV64-0.1 -> 1.176
N65: Height (m) | O65: 0.545 | Q65: Width (m) | R65: =AL67 -> 0.35333333 | S65: =R65/O64 -> 1.2183908 | T65: =O64-R65 -> -0.063333333 | U65: Package length 6 at position 2 | V65: 0.545 | X65: Width (m) | Y65: =AU67 -> 0.55333333 | Z65: =Y65/V66 -> 1.1178451 | AB65: =Y65-V66 -> 0.058333333 | AF65: 4 | AP65: 4
N66: Top Sensor Distance (TSD) | O66: =1.55-O65-0.1 -> 0.905 | Q66: Height (m) | R66: =AM67 -> 0.54066667 | S66: =R66/O65 -> 0.99204893 | T66: =O65-R66 -> 0.0043333333 | U66: Package width 6 at position 2 | V66: 0.495 | X66: Height (m) | Y66: =AV67 -> 0.274 | Z66: =Y66/V67 -> 0.94482759 | AB66: =Y66-V67 -> -0.016 | AF66: 5 | AP66: 5
Q67: Number of points | R67: =AI67 -> 1496 | U67: Package height 6 in position 2 | V67: 0.29 | X67: Number of points | Y67: =AS67 -> 2219 | AF67: average | AG67: =AVERAGEA(AG62:AG65) -> 2.49 | AH67: =AVERAGEA(AH62:AH65) -> 0.078293667 | AI67: =AVERAGEA(AI62:AI65) -> 1496 | AK67: =AVERAGEA(AK62:AK64) -> 0.54666667 | AL67: =AVERAGEA(AL62:AL64) -> 0.35333333 | AM67: =AVERAGEA(AM62:AM64) -> 0.54066667 | AN67: =AVERAGEA(AN62:AN64) -> 0.90933333 | AP67: average | AQ67: =AVERAGEA(AQ62:AQ65) -> 12.316667 | AR67: =AVERAGEA(AR62:AR65) -> 0.058409667 | AS67: =AVERAGEA(AS62:AS65) -> 2219 | AT67: =AVERAGEA(AT62:AT64) -> 0.58333333 | AU67: =AVERAGEA(AU62:AU64) -> 0.55333333 | AV67: =AVERAGEA(AV62:AV64) -> 0.274 | AW67: =AVERAGEA(AW62:AW64) -> 1.176
Q68: Top Sensor Distance (TSD) | R68: =AN67 -> 0.90933333 | S68: =R68/O66 -> 1.0047882 | T68: =O66-R68 -> -0.0043333333 | U68: Distance Sensor Top (DST) | V68: =1.55-V67-0.1 -> 1.16 | X68: Distance Sensor Top (DST) | Y68: =AW67 -> 1.176 | Z68: =Y68/V68 -> 1.0137931 | AB68: =V68-Y68 -> -0.016 | AH68: =AH67/R63 -> 1 | AR68: =AR67/R63 -> 0.7460331
Y69: Package 6 | Z69: Position 1 | AA69: Position 2 | AF69: Accuracy % | AH69: =AH67/Y63 -> 1.3404231 | AK69: =AK67/O63 -> 1.1043771 | AL69: =AL67/O64 -> 1.2183908 | AM69: =AM67/O65 -> 0.99204893 | AN69: =AN67/O66 -> 1.0047882 | AP69: Accuracy % | AR69: =AR67/Y63 -> 1 | AT69: =AT67/V65 -> 1.0703364 | AU69: =AU67/V66 -> 1.1178451 | AV69: =AV67/V67 -> 0.94482759 | AW69: =AW67/V68 -> 1.0137931
X70: Regarding the separate volume | Z70: =R63/V64 -> 1.335642 | AA70: =Y63/V64 -> 0.99643317 | AF70: Error square | AH70: =SUM((AH62-$O62)^2,(AH63-$O62)^2,(AH64-$O62)^2) -> 6.2060619e-07 | AK70: =SUM((AK62-$O63)^2,(AK63-$O63)^2,(AK64-$O63)^2) -> 0.008075 | AL70: =SUM((AL62-$O64)^2,(AL63-$O64)^2,(AL64-$O64)^2) -> 0.0121 | AM70: =SUM((AM62-$O65)^2,(AM63-$O65)^2,(AM64-$O65)^2) -> 5.7e-05 | AN70: =SUM((AN62-$O66)^2,(AN63-$O66)^2,(AN64-$O66)^2) -> 5.7e-05 | AP70: Error square | AR70: =SUM((AR62-$O62)^2,(AR63-$O62)^2,(AR64-$O62)^2) -> 0.001179119 | AT70: =SUM((AT62-$V65)^2,(AT63-$V65)^2,(AT64-$V65)^2) -> 0.004475 | AU70: =SUM((AU62-$V66)^2,(AU63-$V66)^2,(AU64-$V66)^2) -> 0.010275 | AV70: =SUM((AV62-$V67)^2,(AV63-$V67)^2,(AV64-$V67)^2) -> 0.000768 | AW70: =SUM((AW62-$V68)^2,(AW63-$V68)^2,(AW64-$V68)^2) -> 0.000768
O71: Manual measurement | Q71: Algorithm Results | R71: averages | S71: Percentage of correct answers | T71: Difference between manual measurement and algorithmic measurement. | U71: absolute percentage error volume (ACE)
A72: Package Type | B72: Description of the test with 0º orientation (Position 1) | G72: Measurements Package 7 | N72: PCT7 Volume (m³) | O72: =0.815*0.415*0.165 -> 0.055807125 | Q72: Execution time (s) | R72: =G79 -> 17.003333
A73: Package 7 | B73: Object identified with 3371 points. Total execution time: 19.71 seconds Dimensions (Voxelization): Length: 0.870 m | Width: 0.480 m | Height: 0.163 m Occupied voxels: 3255 | Voxel size: 0.010 m Estimated volume: 0.052993 m³ Successful attempt! Volume within the standard. | F73: Tests | G73: Time | H73: Volume | I73: Number of points | J73: Length | K73: Width | L73: Height | M73: STDs | N73: Length (m) | O73: 0.815 | Q73: Volume (m³) | R73: =H79 -> 0.05106 | S73: =R73/O72 -> 0.91493694 | T73: =O72-R73 -> 0.004747125 | U73: =(ABS(H74-O72)/O72+ABS(H75-O72)/O72+ABS(H76-O72)/O72) -> 0.25518919
F74: 1 | G74: 19.71 | H74: 0.052993 | I74: 3371 | J74: 0.87 | K74: 0.48 | L74: 0.163 | M74: =1.55-L74-0.1 -> 1.287 | N74: Width (m) | O74: 0.415 | Q74: Length (m) | R74: =J79 -> 0.87666667 | S74: =R74/O73 -> 1.0756646 | T74: =O73-R74 -> -0.061666667
F75: 2 | G75: 14.22 | H75: 0.050283 | J75: 0.87 | K75: 0.48 | L75: 0.164 | M75: =1.55-L75-0.1 -> 1.286 | N75: Height (m) | O75: 0.165 | Q75: Width (m) | R75: =K79 -> 0.48333333 | S75: =R75/O74 -> 1.1646586 | T75: =O74-R75 -> -0.068333333
F76: 3 | G76: 17.08 | H76: 0.049904 | J76: 0.89 | K76: 0.49 | L76: 0.163 | M76: =1.55-L76-0.1 -> 1.287 | N76: Top Sensor Distance (TSD) | O76: =1.55-O75-0.1 -> 1.285 | Q76: Height (m) | R76: =L79 -> 0.16333333 | S76: =R76/O75 -> 0.98989899 | T76: =O75-R76 -> 0.0016666667
F77: 4 | Q77: Number of points | R77: =I79 -> 3371
F78: 5 | Q78: Top Sensor Distance (TSD) | R78: =M79 -> 1.2866667 | S78: =R78/O76 -> 1.001297 | T78: =O76-R78 -> -0.0016666667
F79: average | G79: =AVERAGEA(G74:G77) -> 17.003333 | H79: =AVERAGEA(H74:H77) -> 0.05106 | I79: =AVERAGEA(I74:I77) -> 3371 | J79: =AVERAGEA(J74:J76) -> 0.87666667 | K79: =AVERAGEA(K74:K76) -> 0.48333333 | L79: =AVERAGEA(L74:L76) -> 0.16333333 | M79: =AVERAGEA(M74:M76) -> 1.2866667
F80: Accuracy % | H80: =H79/O72 -> 0.91493694 | J80: =J79/O73 -> 1.0756646 | K80: =K79/O74 -> 1.1646586 | L80: =L79/O75 -> 0.98989899 | M80: =M79/O76 -> 1.001297 | N80: Regular Packs (Pack 1, Pack 3, Pack 5, Pack 7) - Rectangular and cubic boxes
F81: Error square | H81: =SUM((H74-O72)^2,(H75-O72)^2,(H76-O72)^2) -> 7.3282141e-05 | J81: =SUM((J74-$O73)^2,(J75-$O73)^2,(J76-$O73)^2) -> 0.011675 | K81: =SUM((K74-$O74)^2,(K75-$O74)^2,(K76-$O74)^2) -> 0.014075 | L81: =SUM((L74-$O75)^2,(L75-$O75)^2,(L76-$O75)^2) -> 9e-06 | M81: =SUM((M74-$O76)^2,(M75-$O76)^2,(M76-$O76)^2) -> 9e-06 | N81: Statistical analysis of average data | P81: Difference between manual measurement and measurement by algorithm
N82: Execution time | O82: =AVERAGE(R9,R32,R52,R72) -> 9.6633333 | Q82: MAP | S82: RMSE | W82: OVERALL
N83: Number of points | O83: =AVERAGE(R14,R37,R57,R77) -> 2129.7917 | T83: Overall average across all tests | W83: RMSE | X83: MAPE
N84: Average number of hits Volume | O84: =AVERAGE(S10,S33,S53,S73) -> 0.96363291 | P84: =AVERAGE(T10,T33,T53,T73) -> 0.0021065104 | Q84: =(V10+V33+V52+U73)/12 -> 0.036367092 | S84: =SQRT(SUM(H17,H39,H61,H81)/12) -> 0.0027586407 | T84: Execution time | U84: =AVERAGE(O82,O92) -> 8.06375
N85: Average of hits Length | O85: =AVERAGE(S11,S34,S54,S74) -> 1.1223742 | P85: =AVERAGE(T11,T34,T54,T74) -> -0.059583333 | S85: =SQRT(SUM(J17,J39,J61,J81)/12) -> 0.060086743 | T85: Number of points | U85: =AVERAGE(O83,O93) -> 1886.1042
N86: Average number of hits Width | O86: =AVERAGE(S12,S35,S55,S75) -> 1.1607556 | P86: =AVERAGE(T12,T35,T55,T75) -> -0.05625 | S86: =SQRT(SUM(K17,K39,K61,K81)/12) -> 0.057172983 | T86: Average number of hits Volume | U86: =AVERAGE(O84,O94) -> 0.92021333 | V86: =AVERAGE(P84,P94) -> 0.0021296719 | W86: =SQRT(SUM(H17,H28,H39,H50,H61,AH70,AR70,H81)/24) -> 0.0078519159 | X86: =(V10+V33+V52+U73+V23+V42+AK60+AU60)/24 -> 0.080527229
N87: Average number of correct answers Height | O87: =AVERAGE(S13,S36,S56,S76) -> 0.96840021 | P87: =AVERAGE(T13,T36,T56,T76) -> 0.012166667 | S87: =SQRT(SUM(L17,L39,L61,L81)/12) -> 0.016355427 | T87: Average of hits Length | U87: =AVERAGE(O85,O95) -> 1.104872 | V87: =AVERAGE(P85,P95) -> -0.041875 | W87: =SQRT(SUM(J17,J28,J39,J50,J61,AK70,AT70,J81)/24) -> 0.052905182
N88: Average of correct answers DST | O88: =AVERAGE(S15,S38,S58,S78) -> 1.0117306 | P88: =AVERAGE(T15,T38,T58,T78) -> -0.012166667 | S88: =SQRT(SUM(M17,M39,M61,M81)/12) -> 0.016355427 | T88: Average number of hits Width | U88: =AVERAGE(O86,O96) -> 1.2284679 | V88: =AVERAGE(P86,P96) -> -0.049166667 | W88: =SQRT(SUM(K17,K28,K39,K50,K61,AL70,AU70,K81)/24) -> 0.06785401
T89: Average number of correct answers Height | U89: =AVERAGE(O87,O97) -> 0.95161689 | V89: =AVERAGE(P87,P97) -> 0.0095 | W89: =SQRT(SUM(L17,L28,L39,L50,L61,AM70,AV70,L81)/24) -> 0.017404501
N90: Irregular Packages (Package 2, Pack 4, Pack 6_P1, Pack 6_P2) - Garment bag, cylinder and L-shaped box) | T90: Average of correct answers DST | U90: =AVERAGEA(O88,O98) -> 1.0120894 | V90: =AVERAGEA(P88,P98) -> -0.0135 | W90: =SQRT(SUM(M17,M28,M39,M50,M61,AN70,AW70,M81)/24) -> 0.017404501
N91: Statistical analysis of average data | P91: Difference between manual measurement and measurement by algorithm
N92: Execution time | O92: =AVERAGE(R22,R41,R62,Y62) -> 6.4641667 | Q92: MAP | S92: RMSE
N93: Number of points | O93: =AVERAGE(R27,R46,R67,Y67) -> 1642.4167
N94: Average number of hits Volume | O94: =AVERAGE(S23,S42,S63,Z63) -> 0.87679375 | P94: =AVERAGE(T23,T42,T63,AB63) -> 0.0021528333 | Q94: =(V23+V42+AK60+AU60)/12 -> 0.12468737 | S94: =SQRT(SUM(H28,H50,AH70,AR70)/12) -> 0.010756164
N95: Average of hits Length | O95: =AVERAGE(S24,S43,S64,Z64) -> 1.0873698 | P95: =AVERAGE(T24,T43,T64,AB64) -> -0.024166667 | S95: =SQRT(SUM(J28,J50,AK70,AT70)/12) -> 0.044581386
N96: Average number of hits Width | O96: =AVERAGE(S25,S44,S65,Z65) -> 1.2961802 | P96: =AVERAGE(T25,T44,T65,AB65) -> -0.042083333 | S96: =SQRT(SUM(K28,K50,AL70,AU70)/12) -> 0.077068692
N97: Average number of correct answers Height | O97: =AVERAGE(S26,S45,S66,Z66) -> 0.93483357 | P97: =AVERAGE(T26,T45,T66,AB66) -> 0.0068333333 | S97: =SQRT(SUM(L28,L50,AM70,AV70)/12) -> 0.01839384
N98: Average of correct answers DST | O98: =AVERAGE(S28,S47,S68,Z68) -> 1.0124483 | P98: =AVERAGE(T28,T47,T68,AB68) -> -0.014833333 | S98: =SQRT(SUM(M28,M50,AN70,AW70)/12) -> 0.01839384
